,prediction,time
0,0.0,2023-05-01 00:00:00
1,0.0,2023-05-01 01:00:00
2,0.0,2023-05-01 02:00:00
3,61.73781606985574,2023-05-01 03:00:00
4,294.1205122000167,2023-05-01 04:00:00
5,858.9230897228396,2023-05-01 05:00:00
6,1886.8549291350428,2023-05-01 06:00:00
7,2746.5869952004705,2023-05-01 07:00:00
8,2613.0566241321167,2023-05-01 08:00:00
9,2583.304542102313,2023-05-01 09:00:00
10,2083.116596151684,2023-05-01 10:00:00
11,2348.300492531939,2023-05-01 11:00:00
12,2390.553138211031,2023-05-01 12:00:00
13,2333.9248606046185,2023-05-01 13:00:00
14,2334.388692891904,2023-05-01 14:00:00
15,1573.4401537953229,2023-05-01 15:00:00
16,1112.3040543684087,2023-05-01 16:00:00
17,576.3880722044767,2023-05-01 17:00:00
18,239.79099139297608,2023-05-01 18:00:00
19,18.39684153174929,2023-05-01 19:00:00
20,0.0,2023-05-01 20:00:00
21,11.402373837895226,2023-05-01 21:00:00
22,6.134613979418248,2023-05-01 22:00:00
23,0.0,2023-05-01 23:00:00
24,0.0,2023-05-06 00:00:00
25,6.986163780273728,2023-05-06 01:00:00
26,14.165264775753885,2023-05-06 02:00:00
27,202.22459604618945,2023-05-06 03:00:00
28,705.9932055190759,2023-05-06 04:00:00
29,1400.0342714876497,2023-05-06 05:00:00
30,2305.562557588859,2023-05-06 06:00:00
31,2648.362483034338,2023-05-06 07:00:00
32,3384.1553861439425,2023-05-06 08:00:00
33,3672.934005549328,2023-05-06 09:00:00
34,3727.902620461859,2023-05-06 10:00:00
35,3483.963182861165,2023-05-06 11:00:00
36,3378.8175999614723,2023-05-06 12:00:00
37,3306.7998859344216,2023-05-06 13:00:00
38,2673.122530366948,2023-05-06 14:00:00
39,2470.6084018534475,2023-05-06 15:00:00
40,1717.3915506882695,2023-05-06 16:00:00
41,887.410865818444,2023-05-06 17:00:00
42,451.6581436874831,2023-05-06 18:00:00
43,98.50807812157608,2023-05-06 19:00:00
44,36.91360007120534,2023-05-06 20:00:00
45,33.530150067799326,2023-05-06 21:00:00
46,25.18476143669551,2023-05-06 22:00:00
47,18.674504471686816,2023-05-06 23:00:00
48,0.0,2023-05-14 00:00:00
49,0.0,2023-05-14 01:00:00
50,0.0,2023-05-14 02:00:00
51,270.12082732723286,2023-05-14 03:00:00
52,657.12129457877,2023-05-14 04:00:00
53,1356.7370469930977,2023-05-14 05:00:00
54,2525.1169446399945,2023-05-14 06:00:00
55,3536.4864157892634,2023-05-14 07:00:00
56,3713.745334538012,2023-05-14 08:00:00
57,3773.724079802648,2023-05-14 09:00:00
58,3869.844228608811,2023-05-14 10:00:00
59,3565.40429864437,2023-05-14 11:00:00
60,4155.457137788832,2023-05-14 12:00:00
61,3851.641855558305,2023-05-14 13:00:00
62,2732.611915923409,2023-05-14 14:00:00
63,2097.5992305437867,2023-05-14 15:00:00
64,1269.4377008660383,2023-05-14 16:00:00
65,687.789911708165,2023-05-14 17:00:00
66,318.1691766883214,2023-05-14 18:00:00
67,100.48339972024768,2023-05-14 19:00:00
68,0.0,2023-05-14 20:00:00
69,0.0,2023-05-14 21:00:00
70,0.0,2023-05-14 22:00:00
71,0.0,2023-05-14 23:00:00
72,0.0,2023-05-18 00:00:00
73,0.0,2023-05-18 01:00:00
74,0.0,2023-05-18 02:00:00
75,94.93852183211106,2023-05-18 03:00:00
76,402.94901871871673,2023-05-18 04:00:00
77,1167.02163810835,2023-05-18 05:00:00
78,2380.3364230938823,2023-05-18 06:00:00
79,3507.9270021079265,2023-05-18 07:00:00
80,3052.237307808929,2023-05-18 08:00:00
81,2755.3401872425075,2023-05-18 09:00:00
82,3084.361638258504,2023-05-18 10:00:00
83,3226.862799229665,2023-05-18 11:00:00
84,3501.9534030640707,2023-05-18 12:00:00
85,2701.5431446669336,2023-05-18 13:00:00
86,2809.778565860993,2023-05-18 14:00:00
87,2418.5411959679186,2023-05-18 15:00:00
88,1908.849730934152,2023-05-18 16:00:00
89,597.0263688721468,2023-05-18 17:00:00
90,206.5823349095911,2023-05-18 18:00:00
91,92.2944640230624,2023-05-18 19:00:00
92,0.0,2023-05-18 20:00:00
93,0.0,2023-05-18 21:00:00
94,0.0,2023-05-18 22:00:00
95,0.0,2023-05-18 23:00:00
96,0.0,2023-05-20 00:00:00
97,0.0,2023-05-20 01:00:00
98,43.51295516956901,2023-05-20 02:00:00
99,241.962883278774,2023-05-20 03:00:00
100,523.6704435732972,2023-05-20 04:00:00
101,1305.256227557275,2023-05-20 05:00:00
102,2454.715569799009,2023-05-20 06:00:00
103,3148.943444465748,2023-05-20 07:00:00
104,3731.826343141957,2023-05-20 08:00:00
105,3409.189664915732,2023-05-20 09:00:00
106,3725.217914330826,2023-05-20 10:00:00
107,3510.262834647515,2023-05-20 11:00:00
108,3375.596845512908,2023-05-20 12:00:00
109,3205.7987366961306,2023-05-20 13:00:00
110,2745.380409513911,2023-05-20 14:00:00
111,2770.875955534821,2023-05-20 15:00:00
112,1780.6163907840828,2023-05-20 16:00:00
113,844.3258191754986,2023-05-20 17:00:00
114,410.63501492916544,2023-05-20 18:00:00
115,156.37053391237708,2023-05-20 19:00:00
116,0.0,2023-05-20 20:00:00
117,0.0,2023-05-20 21:00:00
118,0.0,2023-05-20 22:00:00
119,0.0,2023-05-20 23:00:00
120,0.0,2023-05-21 00:00:00
121,0.0,2023-05-21 01:00:00
122,27.932813492101843,2023-05-21 02:00:00
123,256.9420476629822,2023-05-21 03:00:00
124,553.4970393625073,2023-05-21 04:00:00
125,1338.8560596652064,2023-05-21 05:00:00
126,2410.135025755465,2023-05-21 06:00:00
127,3456.2936119402457,2023-05-21 07:00:00
128,3591.3048848191875,2023-05-21 08:00:00
129,3410.4683367169127,2023-05-21 09:00:00
130,3215.750493397147,2023-05-21 10:00:00
131,2520.2709129980303,2023-05-21 11:00:00
132,2410.4812621962583,2023-05-21 12:00:00
133,2715.11569093236,2023-05-21 13:00:00
134,2772.7867382510576,2023-05-21 14:00:00
135,2108.0620008354163,2023-05-21 15:00:00
136,1449.5105896747414,2023-05-21 16:00:00
137,788.6685588010605,2023-05-21 17:00:00
138,455.42362332600646,2023-05-21 18:00:00
139,125.14936817996534,2023-05-21 19:00:00
140,0.0,2023-05-21 20:00:00
141,0.0,2023-05-21 21:00:00
142,0.0,2023-05-21 22:00:00
143,0.0,2023-05-21 23:00:00
144,0.0,2023-05-22 00:00:00
145,0.0,2023-05-22 01:00:00
146,57.4766000448912,2023-05-22 02:00:00
147,305.3353974291952,2023-05-22 03:00:00
148,622.9062168278703,2023-05-22 04:00:00
149,1434.2876398337785,2023-05-22 05:00:00
150,2476.451113231024,2023-05-22 06:00:00
151,3344.401963436595,2023-05-22 07:00:00
152,3483.457085522845,2023-05-22 08:00:00
153,3274.469938686804,2023-05-22 09:00:00
154,3505.579185751487,2023-05-22 10:00:00
155,3627.634939813039,2023-05-22 11:00:00
156,3421.1797230916263,2023-05-22 12:00:00
157,3175.657936090095,2023-05-22 13:00:00
158,2867.0184626108376,2023-05-22 14:00:00
159,2191.685985832727,2023-05-22 15:00:00
160,1464.4833144976274,2023-05-22 16:00:00
161,730.2529139378328,2023-05-22 17:00:00
162,371.3085370044684,2023-05-22 18:00:00
163,121.19755425732755,2023-05-22 19:00:00
164,12.030613327454349,2023-05-22 20:00:00
165,0.0,2023-05-22 21:00:00
166,10.65199086001894,2023-05-22 22:00:00
167,16.58462877899592,2023-05-22 23:00:00
168,0.0,2023-05-23 00:00:00
169,0.0,2023-05-23 01:00:00
170,0.0,2023-05-23 02:00:00
171,61.587114499068434,2023-05-23 03:00:00
172,47.88867637234373,2023-05-23 04:00:00
173,146.5127956532805,2023-05-23 05:00:00
174,315.99107179316786,2023-05-23 06:00:00
175,430.3113329256829,2023-05-23 07:00:00
176,613.8477846006887,2023-05-23 08:00:00
177,744.7454625472036,2023-05-23 09:00:00
178,968.9373371128448,2023-05-23 10:00:00
179,1386.9554009008702,2023-05-23 11:00:00
180,1933.2937322567604,2023-05-23 12:00:00
181,2441.981288629182,2023-05-23 13:00:00
182,1749.8359581853365,2023-05-23 14:00:00
183,2020.9659863540928,2023-05-23 15:00:00
184,1287.1683945429472,2023-05-23 16:00:00
185,601.9231083293203,2023-05-23 17:00:00
186,309.16946226312587,2023-05-23 18:00:00
187,105.19459115474456,2023-05-23 19:00:00
188,0.0,2023-05-23 20:00:00
189,0.0,2023-05-23 21:00:00
190,0.0,2023-05-23 22:00:00
191,0.0,2023-05-23 23:00:00
192,0.0,2023-05-25 00:00:00
193,0.0,2023-05-25 01:00:00
194,69.77694142452151,2023-05-25 02:00:00
195,164.0997359157284,2023-05-25 03:00:00
196,369.0520883591745,2023-05-25 04:00:00
197,798.8740730068856,2023-05-25 05:00:00
198,1426.798743248566,2023-05-25 06:00:00
199,2076.6438554195656,2023-05-25 07:00:00
200,1706.1657307084574,2023-05-25 08:00:00
201,2220.306210718538,2023-05-25 09:00:00
202,2171.1576530984994,2023-05-25 10:00:00
203,1821.0821418896576,2023-05-25 11:00:00
204,2406.710715830046,2023-05-25 12:00:00
205,2591.7076762748275,2023-05-25 13:00:00
206,2069.1269627799275,2023-05-25 14:00:00
207,854.2309267389709,2023-05-25 15:00:00
208,531.5513051920369,2023-05-25 16:00:00
209,328.4032022438348,2023-05-25 17:00:00
210,172.56640319573148,2023-05-25 18:00:00
211,27.66992521726928,2023-05-25 19:00:00
212,0.0,2023-05-25 20:00:00
213,0.0,2023-05-25 21:00:00
214,0.0,2023-05-25 22:00:00
215,0.0,2023-05-25 23:00:00
216,0.0,2023-05-27 00:00:00
217,0.0,2023-05-27 01:00:00
218,6.013630851192772,2023-05-27 02:00:00
219,52.83324886636146,2023-05-27 03:00:00
220,81.14302648592411,2023-05-27 04:00:00
221,209.04540978852043,2023-05-27 05:00:00
222,719.7905083902641,2023-05-27 06:00:00
223,1085.4982483421222,2023-05-27 07:00:00
224,2039.9350065232984,2023-05-27 08:00:00
225,1949.1595827487129,2023-05-27 09:00:00
226,1604.0192581426995,2023-05-27 10:00:00
227,1582.5721070540285,2023-05-27 11:00:00
228,993.2632403705512,2023-05-27 12:00:00
229,816.00909484491,2023-05-27 13:00:00
230,703.6727597629874,2023-05-27 14:00:00
231,696.9726774708407,2023-05-27 15:00:00
232,460.0203817589284,2023-05-27 16:00:00
233,299.50855290594154,2023-05-27 17:00:00
234,232.14773570730603,2023-05-27 18:00:00
235,35.61650469112061,2023-05-27 19:00:00
236,0.0,2023-05-27 20:00:00
237,14.830839380366257,2023-05-27 21:00:00
238,14.337457066215052,2023-05-27 22:00:00
239,0.0,2023-05-27 23:00:00
240,0.0,2023-05-28 00:00:00
241,12.268947009824046,2023-05-28 01:00:00
242,49.74868136593807,2023-05-28 02:00:00
243,83.46906363539506,2023-05-28 03:00:00
244,204.30107071459415,2023-05-28 04:00:00
245,914.1772705724932,2023-05-28 05:00:00
246,1368.5437228870735,2023-05-28 06:00:00
247,1967.814279350193,2023-05-28 07:00:00
248,2098.228145498212,2023-05-28 08:00:00
249,1222.5121405028465,2023-05-28 09:00:00
250,1509.2101164726414,2023-05-28 10:00:00
251,2027.398547432188,2023-05-28 11:00:00
252,2650.6504441016123,2023-05-28 12:00:00
253,2358.3814828111053,2023-05-28 13:00:00
254,1886.2461656165287,2023-05-28 14:00:00
255,2005.0651411433792,2023-05-28 15:00:00
256,1380.877460681686,2023-05-28 16:00:00
257,949.5506714331716,2023-05-28 17:00:00
258,587.8598527821649,2023-05-28 18:00:00
259,190.5542461666891,2023-05-28 19:00:00
260,56.4233898337894,2023-05-28 20:00:00
261,0.0,2023-05-28 21:00:00
262,0.0,2023-05-28 22:00:00
263,0.0,2023-05-28 23:00:00
264,0.0,2023-05-30 00:00:00
265,0.0,2023-05-30 01:00:00
266,75.74326397806948,2023-05-30 02:00:00
267,141.2197035841965,2023-05-30 03:00:00
268,323.96044875002394,2023-05-30 04:00:00
269,684.404356362888,2023-05-30 05:00:00
270,1056.8488567682898,2023-05-30 06:00:00
271,995.700474153277,2023-05-30 07:00:00
272,1223.1476010472138,2023-05-30 08:00:00
273,1477.5538761357652,2023-05-30 09:00:00
274,1315.0800315093088,2023-05-30 10:00:00
275,1455.739024021398,2023-05-30 11:00:00
276,1221.316090464234,2023-05-30 12:00:00
277,610.7448386510155,2023-05-30 13:00:00
278,772.9420627527652,2023-05-30 14:00:00
279,590.1453603088935,2023-05-30 15:00:00
280,467.5623333571445,2023-05-30 16:00:00
281,436.74878269700775,2023-05-30 17:00:00
282,132.16657024969754,2023-05-30 18:00:00
283,56.63418532682872,2023-05-30 19:00:00
284,26.266854755095693,2023-05-30 20:00:00
285,0.0,2023-05-30 21:00:00
286,0.0,2023-05-30 22:00:00
287,0.0,2023-05-30 23:00:00
288,0.0,2023-06-01 00:00:00
289,0.0,2023-06-01 01:00:00
290,75.40817521517278,2023-06-01 02:00:00
291,134.278592562592,2023-06-01 03:00:00
292,324.55032551732575,2023-06-01 04:00:00
293,749.3083914037213,2023-06-01 05:00:00
294,1396.758139315254,2023-06-01 06:00:00
295,1784.253374724421,2023-06-01 07:00:00
296,1523.5260458045896,2023-06-01 08:00:00
297,2257.113081859198,2023-06-01 09:00:00
298,2836.71059662818,2023-06-01 10:00:00
299,2458.596733587325,2023-06-01 11:00:00
300,1776.6281900607582,2023-06-01 12:00:00
301,1719.792404607124,2023-06-01 13:00:00
302,1695.7302530894044,2023-06-01 14:00:00
303,1399.992030285871,2023-06-01 15:00:00
304,1000.144251381644,2023-06-01 16:00:00
305,650.0792086288559,2023-06-01 17:00:00
306,375.8686630467852,2023-06-01 18:00:00
307,160.9394354176673,2023-06-01 19:00:00
308,42.1076280009263,2023-06-01 20:00:00
309,0.0,2023-06-01 21:00:00
310,0.0,2023-06-01 22:00:00
311,0.0,2023-06-01 23:00:00
312,0.0,2023-06-02 00:00:00
313,0.0,2023-06-02 01:00:00
314,32.667337600504766,2023-06-02 02:00:00
315,160.83978362941457,2023-06-02 03:00:00
316,386.9195092562675,2023-06-02 04:00:00
317,799.2930444296684,2023-06-02 05:00:00
318,1353.912226061046,2023-06-02 06:00:00
319,1901.9887753384755,2023-06-02 07:00:00
320,2678.258106536952,2023-06-02 08:00:00
321,3097.0441020601866,2023-06-02 09:00:00
322,2943.947752362957,2023-06-02 10:00:00
323,2319.5777874896894,2023-06-02 11:00:00
324,1934.8591271673415,2023-06-02 12:00:00
325,1567.0615977095704,2023-06-02 13:00:00
326,1398.3382783400098,2023-06-02 14:00:00
327,768.7438655139656,2023-06-02 15:00:00
328,749.9567841655282,2023-06-02 16:00:00
329,427.82826122798326,2023-06-02 17:00:00
330,173.7145856015194,2023-06-02 18:00:00
331,86.34011676835036,2023-06-02 19:00:00
332,10.33546565729364,2023-06-02 20:00:00
333,0.0,2023-06-02 21:00:00
334,0.0,2023-06-02 22:00:00
335,0.0,2023-06-02 23:00:00
336,0.0,2023-06-03 00:00:00
337,8.333162048977954,2023-06-03 01:00:00
338,14.06242685616229,2023-06-03 02:00:00
339,75.4475758047547,2023-06-03 03:00:00
340,157.1450179270497,2023-06-03 04:00:00
341,461.568639677079,2023-06-03 05:00:00
342,739.3683877851041,2023-06-03 06:00:00
343,912.931677537264,2023-06-03 07:00:00
344,1053.0502846097438,2023-06-03 08:00:00
345,1550.867214739233,2023-06-03 09:00:00
346,1739.13869683753,2023-06-03 10:00:00
347,1869.705289052541,2023-06-03 11:00:00
348,1776.910060509621,2023-06-03 12:00:00
349,1357.6825815494617,2023-06-03 13:00:00
350,1253.5126558156776,2023-06-03 14:00:00
351,1156.7701417682238,2023-06-03 15:00:00
352,695.7204850790547,2023-06-03 16:00:00
353,447.050069976881,2023-06-03 17:00:00
354,191.6340720931248,2023-06-03 18:00:00
355,152.57118613126715,2023-06-03 19:00:00
356,52.46591458619199,2023-06-03 20:00:00
357,15.674042304522914,2023-06-03 21:00:00
358,11.470999439074037,2023-06-03 22:00:00
359,0.0,2023-06-03 23:00:00
360,0.0,2023-06-04 00:00:00
361,0.0,2023-06-04 01:00:00
362,53.15660567258397,2023-06-04 02:00:00
363,138.81766030513705,2023-06-04 03:00:00
364,274.9904447255676,2023-06-04 04:00:00
365,439.2243955658905,2023-06-04 05:00:00
366,766.2056420084972,2023-06-04 06:00:00
367,999.2807568509536,2023-06-04 07:00:00
368,1634.1173623897366,2023-06-04 08:00:00
369,1973.0336349343029,2023-06-04 09:00:00
370,1940.0118061510843,2023-06-04 10:00:00
371,1914.994747876577,2023-06-04 11:00:00
372,1970.770136283209,2023-06-04 12:00:00
373,1657.7238381926609,2023-06-04 13:00:00
374,1193.359457329317,2023-06-04 14:00:00
375,1058.5911482869217,2023-06-04 15:00:00
376,987.5490328785812,2023-06-04 16:00:00
377,658.5061641927995,2023-06-04 17:00:00
378,268.7291650539924,2023-06-04 18:00:00
379,52.84065946975559,2023-06-04 19:00:00
380,18.636973679329287,2023-06-04 20:00:00
381,0.0,2023-06-04 21:00:00
382,0.0,2023-06-04 22:00:00
383,0.0,2023-06-04 23:00:00
384,0.0,2023-06-06 00:00:00
385,0.0,2023-06-06 01:00:00
386,26.52593996506647,2023-06-06 02:00:00
387,68.04351019644565,2023-06-06 03:00:00
388,173.61540156192154,2023-06-06 04:00:00
389,463.0505549490649,2023-06-06 05:00:00
390,542.8435444173131,2023-06-06 06:00:00
391,722.8727564162564,2023-06-06 07:00:00
392,784.4816410318559,2023-06-06 08:00:00
393,1279.8464279289988,2023-06-06 09:00:00
394,1525.3831583412716,2023-06-06 10:00:00
395,1505.2562700307772,2023-06-06 11:00:00
396,1743.3160819527884,2023-06-06 12:00:00
397,1424.8944096316886,2023-06-06 13:00:00
398,1366.8542445838943,2023-06-06 14:00:00
399,941.8574612883324,2023-06-06 15:00:00
400,794.4649000629164,2023-06-06 16:00:00
401,653.196082373629,2023-06-06 17:00:00
402,484.7556445262361,2023-06-06 18:00:00
403,181.99294237107927,2023-06-06 19:00:00
404,17.87709430331614,2023-06-06 20:00:00
405,0.0,2023-06-06 21:00:00
406,0.0,2023-06-06 22:00:00
407,0.0,2023-06-06 23:00:00
408,0.0,2023-06-09 00:00:00
409,0.0,2023-06-09 01:00:00
410,170.1664930324576,2023-06-09 02:00:00
411,396.1696159346823,2023-06-09 03:00:00
412,810.5993099745851,2023-06-09 04:00:00
413,1850.1704568867556,2023-06-09 05:00:00
414,2939.348181471634,2023-06-09 06:00:00
415,3957.564395159896,2023-06-09 07:00:00
416,3774.4024588912,2023-06-09 08:00:00
417,3712.1078793970646,2023-06-09 09:00:00
418,3700.157321813797,2023-06-09 10:00:00
419,3395.3893801770364,2023-06-09 11:00:00
420,3214.0825389844917,2023-06-09 12:00:00
421,3128.203951277218,2023-06-09 13:00:00
422,2717.3834181313428,2023-06-09 14:00:00
423,2416.6368265165324,2023-06-09 15:00:00
424,1851.8671220979709,2023-06-09 16:00:00
425,1116.8450059248453,2023-06-09 17:00:00
426,383.4701830558616,2023-06-09 18:00:00
427,136.07404378283928,2023-06-09 19:00:00
428,55.784733233591766,2023-06-09 20:00:00
429,10.630058791726071,2023-06-09 21:00:00
430,0.0,2023-06-09 22:00:00
431,0.0,2023-06-09 23:00:00
432,14.27497923372411,2023-06-11 00:00:00
433,23.82987390903412,2023-06-11 01:00:00
434,121.2382399198122,2023-06-11 02:00:00
435,372.7799865696877,2023-06-11 03:00:00
436,624.8979007747439,2023-06-11 04:00:00
437,1200.1978957316987,2023-06-11 05:00:00
438,1677.0990905411036,2023-06-11 06:00:00
439,2647.098298179774,2023-06-11 07:00:00
440,3620.3523806340127,2023-06-11 08:00:00
441,3474.303807085236,2023-06-11 09:00:00
442,3297.4980139253703,2023-06-11 10:00:00
443,2512.9243632177386,2023-06-11 11:00:00
444,673.4689288897554,2023-06-11 12:00:00
445,672.6548649703054,2023-06-11 13:00:00
446,870.9566270337817,2023-06-11 14:00:00
447,1009.415415964378,2023-06-11 15:00:00
448,1033.9281104218162,2023-06-11 16:00:00
449,563.3740975690918,2023-06-11 17:00:00
450,197.4752580024829,2023-06-11 18:00:00
451,112.9431360595168,2023-06-11 19:00:00
452,11.659526688117865,2023-06-11 20:00:00
453,9.80506981623887,2023-06-11 21:00:00
454,0.0,2023-06-11 22:00:00
455,6.838237585564457,2023-06-11 23:00:00
456,0.0,2023-06-13 00:00:00
457,0.0,2023-06-13 01:00:00
458,26.6175952383864,2023-06-13 02:00:00
459,119.96746742786684,2023-06-13 03:00:00
460,248.44276844678927,2023-06-13 04:00:00
461,923.2275725357272,2023-06-13 05:00:00
462,1917.1372061639056,2023-06-13 06:00:00
463,3122.142531584486,2023-06-13 07:00:00
464,3700.2478318439735,2023-06-13 08:00:00
465,4004.1219020108856,2023-06-13 09:00:00
466,3374.855758240737,2023-06-13 10:00:00
467,3063.527393671421,2023-06-13 11:00:00
468,3171.94628022634,2023-06-13 12:00:00
469,3365.09969486836,2023-06-13 13:00:00
470,2927.947934787777,2023-06-13 14:00:00
471,2683.1403550990653,2023-06-13 15:00:00
472,2069.3885895958088,2023-06-13 16:00:00
473,1097.8467454002184,2023-06-13 17:00:00
474,482.2247026235184,2023-06-13 18:00:00
475,215.2208796143385,2023-06-13 19:00:00
476,93.49866293992716,2023-06-13 20:00:00
477,13.746716959002724,2023-06-13 21:00:00
478,10.097430915464429,2023-06-13 22:00:00
479,5.167206020133506,2023-06-13 23:00:00
480,0.0,2023-06-14 00:00:00
481,0.0,2023-06-14 01:00:00
482,82.41101568849103,2023-06-14 02:00:00
483,174.62842164520515,2023-06-14 03:00:00
484,566.3658780010414,2023-06-14 04:00:00
485,1395.663846350085,2023-06-14 05:00:00
486,2199.0212342682794,2023-06-14 06:00:00
487,3269.6876007232063,2023-06-14 07:00:00
488,3301.052213380676,2023-06-14 08:00:00
489,3076.130163805434,2023-06-14 09:00:00
490,2881.32412540561,2023-06-14 10:00:00
491,2580.9361894242625,2023-06-14 11:00:00
492,2914.998330286603,2023-06-14 12:00:00
493,3156.3457248432774,2023-06-14 13:00:00
494,2780.39495282106,2023-06-14 14:00:00
495,2425.556596747796,2023-06-14 15:00:00
496,1962.8686954156076,2023-06-14 16:00:00
497,1090.949951784536,2023-06-14 17:00:00
498,514.1346885332482,2023-06-14 18:00:00
499,273.5481299574422,2023-06-14 19:00:00
500,107.88372127367882,2023-06-14 20:00:00
501,12.834832157330396,2023-06-14 21:00:00
502,0.0,2023-06-14 22:00:00
503,0.0,2023-06-14 23:00:00
504,97.63818218424666,2023-06-18 00:00:00
505,85.54129854135135,2023-06-18 01:00:00
506,197.9626623180592,2023-06-18 02:00:00
507,380.0910722418217,2023-06-18 03:00:00
508,525.2377811151268,2023-06-18 04:00:00
509,1407.8264854691693,2023-06-18 05:00:00
510,2053.0581192537666,2023-06-18 06:00:00
511,3283.5596635376446,2023-06-18 07:00:00
512,3626.6479176153057,2023-06-18 08:00:00
513,3657.696125970844,2023-06-18 09:00:00
514,3447.5548863791823,2023-06-18 10:00:00
515,3044.268840261831,2023-06-18 11:00:00
516,3218.222028632448,2023-06-18 12:00:00
517,3626.339424346376,2023-06-18 13:00:00
518,2737.4743530259075,2023-06-18 14:00:00
519,1956.6203457436536,2023-06-18 15:00:00
520,1209.4560134689243,2023-06-18 16:00:00
521,744.7156819326735,2023-06-18 17:00:00
522,445.4205623997898,2023-06-18 18:00:00
523,314.0478143895846,2023-06-18 19:00:00
524,150.69474294791212,2023-06-18 20:00:00
525,124.76093636197164,2023-06-18 21:00:00
526,107.67049279145216,2023-06-18 22:00:00
527,109.02589480419834,2023-06-18 23:00:00
528,91.04618630759713,2023-06-19 00:00:00
529,75.73983226613211,2023-06-19 01:00:00
530,122.90092312728603,2023-06-19 02:00:00
531,164.2378810308497,2023-06-19 03:00:00
532,278.5275707074916,2023-06-19 04:00:00
533,719.1748675980111,2023-06-19 05:00:00
534,728.7793997745966,2023-06-19 06:00:00
535,1296.3609335235933,2023-06-19 07:00:00
536,1384.0277967530378,2023-06-19 08:00:00
537,1096.2143752353809,2023-06-19 09:00:00
538,1536.0898309827303,2023-06-19 10:00:00
539,2671.8904423166173,2023-06-19 11:00:00
540,3116.13470519135,2023-06-19 12:00:00
541,3537.011848013464,2023-06-19 13:00:00
542,2750.571131221838,2023-06-19 14:00:00
543,2444.8729840382143,2023-06-19 15:00:00
544,1653.0648757817105,2023-06-19 16:00:00
545,1027.2226166237406,2023-06-19 17:00:00
546,493.0380997809335,2023-06-19 18:00:00
547,297.0434164185377,2023-06-19 19:00:00
548,168.16406847710925,2023-06-19 20:00:00
549,109.63555633840014,2023-06-19 21:00:00
550,121.83777897309484,2023-06-19 22:00:00
551,123.38924342736208,2023-06-19 23:00:00
552,69.46165708479685,2023-06-22 00:00:00
553,66.96307662932037,2023-06-22 01:00:00
554,109.96931054894684,2023-06-22 02:00:00
555,188.43565078849912,2023-06-22 03:00:00
556,92.23545137822737,2023-06-22 04:00:00
557,206.5371243623928,2023-06-22 05:00:00
558,321.66608764406124,2023-06-22 06:00:00
559,724.8426145511808,2023-06-22 07:00:00
560,1366.040545899264,2023-06-22 08:00:00
561,1317.6556711538574,2023-06-22 09:00:00
562,1401.3496704975082,2023-06-22 10:00:00
563,1461.5651517686083,2023-06-22 11:00:00
564,1461.2542231015725,2023-06-22 12:00:00
565,1695.2548338069528,2023-06-22 13:00:00
566,2320.2034659112624,2023-06-22 14:00:00
567,2341.729259335228,2023-06-22 15:00:00
568,1642.2791426028612,2023-06-22 16:00:00
569,959.8143581090122,2023-06-22 17:00:00
570,318.7617663088038,2023-06-22 18:00:00
571,242.54490236390444,2023-06-22 19:00:00
572,126.44649239080957,2023-06-22 20:00:00
573,95.26824986682942,2023-06-22 21:00:00
574,91.74103136820024,2023-06-22 22:00:00
575,98.77799172633668,2023-06-22 23:00:00
576,97.01287041737208,2023-06-26 00:00:00
577,95.0585231205963,2023-06-26 01:00:00
578,193.9086982158996,2023-06-26 02:00:00
579,324.5838868694094,2023-06-26 03:00:00
580,635.7754396678492,2023-06-26 04:00:00
581,1551.0591545778511,2023-06-26 05:00:00
582,2760.54027706945,2023-06-26 06:00:00
583,3722.543306633693,2023-06-26 07:00:00
584,3432.7113827901567,2023-06-26 08:00:00
585,3323.5269345633887,2023-06-26 09:00:00
586,3369.526585478407,2023-06-26 10:00:00
587,3271.0483609114326,2023-06-26 11:00:00
588,3402.0580049512246,2023-06-26 12:00:00
589,3576.776557666157,2023-06-26 13:00:00
590,2983.45136987727,2023-06-26 14:00:00
591,2303.7804226844546,2023-06-26 15:00:00
592,1288.7274107271874,2023-06-26 16:00:00
593,1018.2776055697748,2023-06-26 17:00:00
594,369.5015471650164,2023-06-26 18:00:00
595,268.03322388165793,2023-06-26 19:00:00
596,206.7608994120477,2023-06-26 20:00:00
597,163.18674648454942,2023-06-26 21:00:00
598,127.92280982930085,2023-06-26 22:00:00
599,98.6402447275854,2023-06-26 23:00:00
600,114.50854672669568,2023-06-28 00:00:00
601,83.21683792214327,2023-06-28 01:00:00
602,155.25313807165048,2023-06-28 02:00:00
603,239.00709540322725,2023-06-28 03:00:00
604,588.9886555906293,2023-06-28 04:00:00
605,1298.0688554008875,2023-06-28 05:00:00
606,2182.404682414772,2023-06-28 06:00:00
607,3312.833171742391,2023-06-28 07:00:00
608,4014.918603377191,2023-06-28 08:00:00
609,3536.8302930915497,2023-06-28 09:00:00
610,3549.3522301000885,2023-06-28 10:00:00
611,3376.422801111879,2023-06-28 11:00:00
612,3366.072000289887,2023-06-28 12:00:00
613,3272.358674586077,2023-06-28 13:00:00
614,2791.5058195006195,2023-06-28 14:00:00
615,1967.7512946163772,2023-06-28 15:00:00
616,1422.8776429809395,2023-06-28 16:00:00
617,805.5483177732365,2023-06-28 17:00:00
618,433.5878447680084,2023-06-28 18:00:00
619,385.8074105253969,2023-06-28 19:00:00
620,187.5319496745548,2023-06-28 20:00:00
621,125.64818346593556,2023-06-28 21:00:00
622,128.01687820201315,2023-06-28 22:00:00
623,125.27397624566628,2023-06-28 23:00:00
624,51.29102344426744,2023-06-29 00:00:00
625,45.765521316605344,2023-06-29 01:00:00
626,111.10467400627692,2023-06-29 02:00:00
627,285.5937714418131,2023-06-29 03:00:00
628,263.81254155252486,2023-06-29 04:00:00
629,409.72687557932704,2023-06-29 05:00:00
630,617.826473998241,2023-06-29 06:00:00
631,621.2872530928297,2023-06-29 07:00:00
632,664.160715861647,2023-06-29 08:00:00
633,1078.443296916943,2023-06-29 09:00:00
634,1669.7211010759231,2023-06-29 10:00:00
635,844.1236834656951,2023-06-29 11:00:00
636,981.4325349673188,2023-06-29 12:00:00
637,877.2667281463415,2023-06-29 13:00:00
638,537.2338369715802,2023-06-29 14:00:00
639,652.7983806114585,2023-06-29 15:00:00
640,454.48393719581793,2023-06-29 16:00:00
641,312.1975826959956,2023-06-29 17:00:00
642,134.50188846523866,2023-06-29 18:00:00
643,132.62308360123808,2023-06-29 19:00:00
644,63.833918529946345,2023-06-29 20:00:00
645,52.40111130018491,2023-06-29 21:00:00
646,25.76331309409045,2023-06-29 22:00:00
647,0.0,2023-06-29 23:00:00
648,0.0,2023-06-30 00:00:00
649,0.0,2023-06-30 01:00:00
650,69.29007914230039,2023-06-30 02:00:00
651,93.82588856143047,2023-06-30 03:00:00
652,8.473426219734705,2023-06-30 04:00:00
653,24.36014387500165,2023-06-30 05:00:00
654,164.78191125415782,2023-06-30 06:00:00
655,468.0915047871665,2023-06-30 07:00:00
656,522.2418327763465,2023-06-30 08:00:00
657,543.0736333594419,2023-06-30 09:00:00
658,637.8484045254338,2023-06-30 10:00:00
659,435.3094307505268,2023-06-30 11:00:00
660,537.425223802973,2023-06-30 12:00:00
661,695.2635466300623,2023-06-30 13:00:00
662,874.5864744274701,2023-06-30 14:00:00
663,680.6158473200836,2023-06-30 15:00:00
664,533.3087130193882,2023-06-30 16:00:00
665,338.8411527216026,2023-06-30 17:00:00
666,207.414562021513,2023-06-30 18:00:00
667,140.89938011362898,2023-06-30 19:00:00
668,36.112315480375486,2023-06-30 20:00:00
669,34.84004170748199,2023-06-30 21:00:00
670,60.359552771307335,2023-06-30 22:00:00
671,60.94336635141229,2023-06-30 23:00:00
672,6.282672393394108,2023-07-02 00:00:00
673,24.23933162800958,2023-07-02 01:00:00
674,120.09178378215478,2023-07-02 02:00:00
675,206.9270954535752,2023-07-02 03:00:00
676,354.4342999234883,2023-07-02 04:00:00
677,876.1717591217417,2023-07-02 05:00:00
678,1872.2894132054416,2023-07-02 06:00:00
679,2889.2382264143844,2023-07-02 07:00:00
680,3088.8209017951867,2023-07-02 08:00:00
681,3101.411100111532,2023-07-02 09:00:00
682,3268.722374447033,2023-07-02 10:00:00
683,3044.535190004405,2023-07-02 11:00:00
684,3020.903645912569,2023-07-02 12:00:00
685,2750.357372821486,2023-07-02 13:00:00
686,2496.953246048924,2023-07-02 14:00:00
687,1546.9951635702237,2023-07-02 15:00:00
688,856.0631883277925,2023-07-02 16:00:00
689,311.3426482914804,2023-07-02 17:00:00
690,142.70530196179766,2023-07-02 18:00:00
691,143.34616445652085,2023-07-02 19:00:00
692,0.0,2023-07-02 20:00:00
693,0.0,2023-07-02 21:00:00
694,0.0,2023-07-02 22:00:00
695,0.0,2023-07-02 23:00:00
696,44.54356018754106,2023-07-03 00:00:00
697,11.035845570610093,2023-07-03 01:00:00
698,45.16438665662298,2023-07-03 02:00:00
699,165.80123127725733,2023-07-03 03:00:00
700,231.66332841946496,2023-07-03 04:00:00
701,180.8306484867341,2023-07-03 05:00:00
702,222.21483377939265,2023-07-03 06:00:00
703,218.81067661510764,2023-07-03 07:00:00
704,1072.5165207499963,2023-07-03 08:00:00
705,2053.643602204748,2023-07-03 09:00:00
706,2383.89302566907,2023-07-03 10:00:00
707,2690.873180106122,2023-07-03 11:00:00
708,2637.365246513087,2023-07-03 12:00:00
709,2447.7971133520105,2023-07-03 13:00:00
710,1423.100483529111,2023-07-03 14:00:00
711,1093.3585403369416,2023-07-03 15:00:00
712,734.704625255092,2023-07-03 16:00:00
713,488.5654555396502,2023-07-03 17:00:00
714,346.22837943300897,2023-07-03 18:00:00
715,248.88132926396565,2023-07-03 19:00:00
716,102.2116286895573,2023-07-03 20:00:00
717,14.548335174304214,2023-07-03 21:00:00
718,62.50935216304629,2023-07-03 22:00:00
719,65.3742252890404,2023-07-03 23:00:00
720,0.0,2023-05-01 00:00:00
721,0.0,2023-05-01 01:00:00
722,0.0,2023-05-01 02:00:00
723,11.025764087399864,2023-05-01 03:00:00
724,57.34047213876198,2023-05-01 04:00:00
725,152.82230768820548,2023-05-01 05:00:00
726,302.62269545597104,2023-05-01 06:00:00
727,431.8693828193223,2023-05-01 07:00:00
728,511.7905281392224,2023-05-01 08:00:00
729,491.0110517284238,2023-05-01 09:00:00
730,471.8864433472477,2023-05-01 10:00:00
731,528.6222631314814,2023-05-01 11:00:00
732,415.3712790676598,2023-05-01 12:00:00
733,460.8030518067322,2023-05-01 13:00:00
734,414.9550728312931,2023-05-01 14:00:00
735,261.2257212804836,2023-05-01 15:00:00
736,183.5014140748925,2023-05-01 16:00:00
737,94.91707277537904,2023-05-01 17:00:00
738,40.202156424364034,2023-05-01 18:00:00
739,0.0,2023-05-01 19:00:00
740,0.0,2023-05-01 20:00:00
741,0.0,2023-05-01 21:00:00
742,0.0,2023-05-01 22:00:00
743,0.0,2023-05-01 23:00:00
744,0.0,2023-05-06 00:00:00
745,0.0,2023-05-06 01:00:00
746,0.0,2023-05-06 02:00:00
747,24.50735583109656,2023-05-06 03:00:00
748,106.2399972866532,2023-05-06 04:00:00
749,216.05338591871532,2023-05-06 05:00:00
750,363.12140999165416,2023-05-06 06:00:00
751,460.0944817298174,2023-05-06 07:00:00
752,601.7135330863532,2023-05-06 08:00:00
753,672.3557469051011,2023-05-06 09:00:00
754,658.4788386465661,2023-05-06 10:00:00
755,710.4402449611556,2023-05-06 11:00:00
756,709.5357183093713,2023-05-06 12:00:00
757,645.4805259415663,2023-05-06 13:00:00
758,521.3449581109492,2023-05-06 14:00:00
759,384.2985618190834,2023-05-06 15:00:00
760,242.2609979783961,2023-05-06 16:00:00
761,118.87327318101498,2023-05-06 17:00:00
762,58.67266900546878,2023-05-06 18:00:00
763,21.822990988573963,2023-05-06 19:00:00
764,9.556783116857332,2023-05-06 20:00:00
765,6.533034699525388,2023-05-06 21:00:00
766,6.055349441062504,2023-05-06 22:00:00
767,8.37377857126262,2023-05-06 23:00:00
768,7.445380681159975,2023-05-14 00:00:00
769,0.0,2023-05-14 01:00:00
770,5.187050746583907,2023-05-14 02:00:00
771,46.93393326789379,2023-05-14 03:00:00
772,147.86288723416845,2023-05-14 04:00:00
773,296.50101127728266,2023-05-14 05:00:00
774,491.7211745108219,2023-05-14 06:00:00
775,700.8524237113766,2023-05-14 07:00:00
776,851.6504868416658,2023-05-14 08:00:00
777,924.7301130118212,2023-05-14 09:00:00
778,950.654888414394,2023-05-14 10:00:00
779,939.5323901194304,2023-05-14 11:00:00
780,910.5402256109224,2023-05-14 12:00:00
781,759.6532526336136,2023-05-14 13:00:00
782,568.8222570320074,2023-05-14 14:00:00
783,414.2717317598037,2023-05-14 15:00:00
784,252.06878951520704,2023-05-14 16:00:00
785,141.01655992118197,2023-05-14 17:00:00
786,77.00287550382649,2023-05-14 18:00:00
787,18.709808870892857,2023-05-14 19:00:00
788,0.0,2023-05-14 20:00:00
789,0.0,2023-05-14 21:00:00
790,0.0,2023-05-14 22:00:00
791,0.0,2023-05-14 23:00:00
792,5.737874137759775,2023-05-18 00:00:00
793,0.0,2023-05-18 01:00:00
794,5.10806076988473,2023-05-18 02:00:00
795,28.944416387082757,2023-05-18 03:00:00
796,112.06827229084382,2023-05-18 04:00:00
797,256.40617426616507,2023-05-18 05:00:00
798,453.7382057611912,2023-05-18 06:00:00
799,656.6263088882563,2023-05-18 07:00:00
800,755.9488985598441,2023-05-18 08:00:00
801,641.103862149575,2023-05-18 09:00:00
802,584.7993840077087,2023-05-18 10:00:00
803,582.8922228834291,2023-05-18 11:00:00
804,632.7862120186323,2023-05-18 12:00:00
805,579.0795661272155,2023-05-18 13:00:00
806,611.0470060254864,2023-05-18 14:00:00
807,404.3332732480623,2023-05-18 15:00:00
808,345.7224028614376,2023-05-18 16:00:00
809,135.1859816000013,2023-05-18 17:00:00
810,54.82672451361242,2023-05-18 18:00:00
811,27.31591794055447,2023-05-18 19:00:00
812,0.0,2023-05-18 20:00:00
813,0.0,2023-05-18 21:00:00
814,0.0,2023-05-18 22:00:00
815,0.0,2023-05-18 23:00:00
816,6.3206757960358,2023-05-20 00:00:00
817,0.0,2023-05-20 01:00:00
818,13.734252780746658,2023-05-20 02:00:00
819,48.79030784296396,2023-05-20 03:00:00
820,148.75898730537864,2023-05-20 04:00:00
821,290.21710255893527,2023-05-20 05:00:00
822,411.6573676244965,2023-05-20 06:00:00
823,618.9212217560085,2023-05-20 07:00:00
824,826.0740175443154,2023-05-20 08:00:00
825,850.4956592797321,2023-05-20 09:00:00
826,945.3168922617308,2023-05-20 10:00:00
827,877.0433413488545,2023-05-20 11:00:00
828,892.1135587430175,2023-05-20 12:00:00
829,839.7260161220722,2023-05-20 13:00:00
830,647.4284234507982,2023-05-20 14:00:00
831,458.9791433448884,2023-05-20 15:00:00
832,338.4941835967784,2023-05-20 16:00:00
833,160.0723119091453,2023-05-20 17:00:00
834,93.2930612151046,2023-05-20 18:00:00
835,24.74328964654393,2023-05-20 19:00:00
836,0.0,2023-05-20 20:00:00
837,5.363464786023712,2023-05-20 21:00:00
838,7.459804118505929,2023-05-20 22:00:00
839,9.786737552384976,2023-05-20 23:00:00
840,10.193756351839228,2023-05-21 00:00:00
841,0.0,2023-05-21 01:00:00
842,19.07836990132631,2023-05-21 02:00:00
843,76.18428984948781,2023-05-21 03:00:00
844,182.69743554503572,2023-05-21 04:00:00
845,323.4772698045637,2023-05-21 05:00:00
846,428.6697088843422,2023-05-21 06:00:00
847,646.0734856938664,2023-05-21 07:00:00
848,746.1738806351875,2023-05-21 08:00:00
849,739.4363767879709,2023-05-21 09:00:00
850,741.1306865581139,2023-05-21 10:00:00
851,691.2131697141062,2023-05-21 11:00:00
852,550.993025989841,2023-05-21 12:00:00
853,658.4343931549922,2023-05-21 13:00:00
854,664.1783265698527,2023-05-21 14:00:00
855,457.9989746657095,2023-05-21 15:00:00
856,360.8134925158842,2023-05-21 16:00:00
857,162.49595667949552,2023-05-21 17:00:00
858,88.39934006844732,2023-05-21 18:00:00
859,27.34814640071403,2023-05-21 19:00:00
860,0.0,2023-05-21 20:00:00
861,0.0,2023-05-21 21:00:00
862,0.0,2023-05-21 22:00:00
863,5.71818789846742,2023-05-21 23:00:00
864,0.0,2023-05-22 00:00:00
865,0.0,2023-05-22 01:00:00
866,18.49269480336369,2023-05-22 02:00:00
867,71.245194699563,2023-05-22 03:00:00
868,185.5778526119581,2023-05-22 04:00:00
869,344.2808322425884,2023-05-22 05:00:00
870,490.06187255658057,2023-05-22 06:00:00
871,738.8467733750517,2023-05-22 07:00:00
872,899.5015503097214,2023-05-22 08:00:00
873,923.4953854730156,2023-05-22 09:00:00
874,934.216319198962,2023-05-22 10:00:00
875,902.4327447246508,2023-05-22 11:00:00
876,807.7910544918835,2023-05-22 12:00:00
877,766.0620114309356,2023-05-22 13:00:00
878,647.2148890849892,2023-05-22 14:00:00
879,454.8148520406759,2023-05-22 15:00:00
880,353.1500776842507,2023-05-22 16:00:00
881,174.072535039657,2023-05-22 17:00:00
882,93.15755309075364,2023-05-22 18:00:00
883,39.77187085155691,2023-05-22 19:00:00
884,11.370786628209032,2023-05-22 20:00:00
885,12.246585865248337,2023-05-22 21:00:00
886,8.72658743342231,2023-05-22 22:00:00
887,7.448443368586766,2023-05-22 23:00:00
888,0.0,2023-05-23 00:00:00
889,0.0,2023-05-23 01:00:00
890,12.911781713341554,2023-05-23 02:00:00
891,16.657611176377145,2023-05-23 03:00:00
892,33.987585242429475,2023-05-23 04:00:00
893,44.15908839680384,2023-05-23 05:00:00
894,82.25536361933416,2023-05-23 06:00:00
895,136.2133752197648,2023-05-23 07:00:00
896,200.8769918723429,2023-05-23 08:00:00
897,195.5966373671323,2023-05-23 09:00:00
898,240.5458140013917,2023-05-23 10:00:00
899,310.70240649345374,2023-05-23 11:00:00
900,348.4569335151378,2023-05-23 12:00:00
901,502.5312189812526,2023-05-23 13:00:00
902,418.2738270193826,2023-05-23 14:00:00
903,325.13817793133313,2023-05-23 15:00:00
904,247.2895513244107,2023-05-23 16:00:00
905,133.4439441154227,2023-05-23 17:00:00
906,64.94591811912852,2023-05-23 18:00:00
907,31.00827720961331,2023-05-23 19:00:00
908,0.0,2023-05-23 20:00:00
909,0.0,2023-05-23 21:00:00
910,0.0,2023-05-23 22:00:00
911,0.0,2023-05-23 23:00:00
912,6.159264870556058,2023-05-25 00:00:00
913,0.0,2023-05-25 01:00:00
914,18.561429113764348,2023-05-25 02:00:00
915,40.172166358507525,2023-05-25 03:00:00
916,75.82493021074316,2023-05-25 04:00:00
917,144.66837656971913,2023-05-25 05:00:00
918,236.35850748046283,2023-05-25 06:00:00
919,383.1898841031292,2023-05-25 07:00:00
920,414.2915106551927,2023-05-25 08:00:00
921,391.5607904550557,2023-05-25 09:00:00
922,499.9586912376316,2023-05-25 10:00:00
923,450.6401049452888,2023-05-25 11:00:00
924,441.5898391320716,2023-05-25 12:00:00
925,518.848289821721,2023-05-25 13:00:00
926,450.59972824447885,2023-05-25 14:00:00
927,275.8551480897096,2023-05-25 15:00:00
928,155.52213655124294,2023-05-25 16:00:00
929,93.03991617215776,2023-05-25 17:00:00
930,59.2129182562486,2023-05-25 18:00:00
931,14.01043236378024,2023-05-25 19:00:00
932,8.316320554653032,2023-05-25 20:00:00
933,0.0,2023-05-25 21:00:00
934,0.0,2023-05-25 22:00:00
935,0.0,2023-05-25 23:00:00
936,0.0,2023-05-27 00:00:00
937,0.0,2023-05-27 01:00:00
938,11.98304082092369,2023-05-27 02:00:00
939,19.86983090885775,2023-05-27 03:00:00
940,35.103216949708724,2023-05-27 04:00:00
941,55.52625343199804,2023-05-27 05:00:00
942,146.89131873088726,2023-05-27 06:00:00
943,290.272929623082,2023-05-27 07:00:00
944,432.4901962637115,2023-05-27 08:00:00
945,462.6150250318989,2023-05-27 09:00:00
946,417.6453837421402,2023-05-27 10:00:00
947,452.2946322655177,2023-05-27 11:00:00
948,340.44901352036834,2023-05-27 12:00:00
949,233.5402652261668,2023-05-27 13:00:00
950,234.16365970227645,2023-05-27 14:00:00
951,215.0668669845958,2023-05-27 15:00:00
952,140.66069706038306,2023-05-27 16:00:00
953,74.29036782001185,2023-05-27 17:00:00
954,63.186379367139125,2023-05-27 18:00:00
955,24.56174079067813,2023-05-27 19:00:00
956,8.283927192969315,2023-05-27 20:00:00
957,5.50163188654966,2023-05-27 21:00:00
958,0.0,2023-05-27 22:00:00
959,0.0,2023-05-27 23:00:00
960,0.0,2023-05-28 00:00:00
961,0.0,2023-05-28 01:00:00
962,11.820130187165772,2023-05-28 02:00:00
963,26.638130315094145,2023-05-28 03:00:00
964,58.74208178945071,2023-05-28 04:00:00
965,152.40859342549822,2023-05-28 05:00:00
966,238.1467716715933,2023-05-28 06:00:00
967,409.755910496128,2023-05-28 07:00:00
968,410.4100801552906,2023-05-28 08:00:00
969,307.2148836287771,2023-05-28 09:00:00
970,313.4140663470841,2023-05-28 10:00:00
971,424.9811204635501,2023-05-28 11:00:00
972,464.91462521400655,2023-05-28 12:00:00
973,385.89400761574393,2023-05-28 13:00:00
974,353.5884369779515,2023-05-28 14:00:00
975,315.02773560384986,2023-05-28 15:00:00
976,256.3881440823805,2023-05-28 16:00:00
977,166.91487454598033,2023-05-28 17:00:00
978,101.982216024963,2023-05-28 18:00:00
979,40.325635927848055,2023-05-28 19:00:00
980,6.7134793660493415,2023-05-28 20:00:00
981,0.0,2023-05-28 21:00:00
982,5.699738938193036,2023-05-28 22:00:00
983,5.098748673839964,2023-05-28 23:00:00
984,0.0,2023-05-30 00:00:00
985,0.0,2023-05-30 01:00:00
986,19.119478568958016,2023-05-30 02:00:00
987,45.63486713432849,2023-05-30 03:00:00
988,89.47558243572905,2023-05-30 04:00:00
989,184.4852860824265,2023-05-30 05:00:00
990,239.80052736658752,2023-05-30 06:00:00
991,277.9249284451104,2023-05-30 07:00:00
992,314.0907404088983,2023-05-30 08:00:00
993,437.4304452959991,2023-05-30 09:00:00
994,344.78321897865186,2023-05-30 10:00:00
995,389.5432974505741,2023-05-30 11:00:00
996,415.1411103723407,2023-05-30 12:00:00
997,259.5321322302148,2023-05-30 13:00:00
998,270.7491627945208,2023-05-30 14:00:00
999,155.17135433001678,2023-05-30 15:00:00
1000,139.73275460827287,2023-05-30 16:00:00
1001,94.8030794432192,2023-05-30 17:00:00
1002,54.83119592023172,2023-05-30 18:00:00
1003,24.28504424257551,2023-05-30 19:00:00
1004,12.891016255294062,2023-05-30 20:00:00
1005,0.0,2023-05-30 21:00:00
1006,0.0,2023-05-30 22:00:00
1007,5.931200072311526,2023-05-30 23:00:00
1008,0.0,2023-06-01 00:00:00
1009,5.815764864659457,2023-06-01 01:00:00
1010,28.586872513432127,2023-06-01 02:00:00
1011,45.920049678443945,2023-06-01 03:00:00
1012,98.57043933527638,2023-06-01 04:00:00
1013,164.9301922468036,2023-06-01 05:00:00
1014,247.4809348761112,2023-06-01 06:00:00
1015,278.49110140210587,2023-06-01 07:00:00
1016,287.2714248689755,2023-06-01 08:00:00
1017,403.4552617239847,2023-06-01 09:00:00
1018,459.3322411288434,2023-06-01 10:00:00
1019,343.0206537076608,2023-06-01 11:00:00
1020,269.36723747663973,2023-06-01 12:00:00
1021,341.39002496845933,2023-06-01 13:00:00
1022,319.866256243172,2023-06-01 14:00:00
1023,239.5812915592417,2023-06-01 15:00:00
1024,178.60034969265195,2023-06-01 16:00:00
1025,129.61019959058686,2023-06-01 17:00:00
1026,81.90468927619173,2023-06-01 18:00:00
1027,33.69527853716431,2023-06-01 19:00:00
1028,13.14580847396195,2023-06-01 20:00:00
1029,5.30057079248121,2023-06-01 21:00:00
1030,6.987777094141791,2023-06-01 22:00:00
1031,0.0,2023-06-01 23:00:00
1032,6.330870186518837,2023-06-02 00:00:00
1033,0.0,2023-06-02 01:00:00
1034,16.152340708819565,2023-06-02 02:00:00
1035,56.42404790285235,2023-06-02 03:00:00
1036,133.04234175300067,2023-06-02 04:00:00
1037,178.09474538636064,2023-06-02 05:00:00
1038,306.4185091275799,2023-06-02 06:00:00
1039,309.1130788419432,2023-06-02 07:00:00
1040,485.0466146559186,2023-06-02 08:00:00
1041,574.3381133365597,2023-06-02 09:00:00
1042,527.0600479291219,2023-06-02 10:00:00
1043,436.9316889220207,2023-06-02 11:00:00
1044,384.9853341267528,2023-06-02 12:00:00
1045,367.080640314604,2023-06-02 13:00:00
1046,293.61198591755294,2023-06-02 14:00:00
1047,213.67134794327677,2023-06-02 15:00:00
1048,155.81969150354732,2023-06-02 16:00:00
1049,83.96246972765272,2023-06-02 17:00:00
1050,53.572829107129,2023-06-02 18:00:00
1051,32.76546879183553,2023-06-02 19:00:00
1052,15.760814598252692,2023-06-02 20:00:00
1053,0.0,2023-06-02 21:00:00
1054,0.0,2023-06-02 22:00:00
1055,0.0,2023-06-02 23:00:00
1056,5.397597676974101,2023-06-03 00:00:00
1057,5.9188396002450645,2023-06-03 01:00:00
1058,14.125435876362872,2023-06-03 02:00:00
1059,26.56924536533637,2023-06-03 03:00:00
1060,64.82775398819825,2023-06-03 04:00:00
1061,122.80654279538166,2023-06-03 05:00:00
1062,159.5854654643804,2023-06-03 06:00:00
1063,210.2158395161023,2023-06-03 07:00:00
1064,234.07797162922125,2023-06-03 08:00:00
1065,346.3200492490109,2023-06-03 09:00:00
1066,334.06132437760465,2023-06-03 10:00:00
1067,405.0915739552024,2023-06-03 11:00:00
1068,312.8689869895671,2023-06-03 12:00:00
1069,278.70719812363063,2023-06-03 13:00:00
1070,215.3545796424619,2023-06-03 14:00:00
1071,179.5710671367605,2023-06-03 15:00:00
1072,157.28995256114214,2023-06-03 16:00:00
1073,101.65018587762415,2023-06-03 17:00:00
1074,64.57692787989686,2023-06-03 18:00:00
1075,34.81559272176685,2023-06-03 19:00:00
1076,15.923866592748029,2023-06-03 20:00:00
1077,5.52970368733321,2023-06-03 21:00:00
1078,7.194792816925485,2023-06-03 22:00:00
1079,0.0,2023-06-03 23:00:00
1080,7.0243514553538375,2023-06-04 00:00:00
1081,7.314704098065135,2023-06-04 01:00:00
1082,16.351288365431287,2023-06-04 02:00:00
1083,45.99654035487168,2023-06-04 03:00:00
1084,81.30858888042036,2023-06-04 04:00:00
1085,113.81562577717526,2023-06-04 05:00:00
1086,162.54681949368452,2023-06-04 06:00:00
1087,266.7918118817467,2023-06-04 07:00:00
1088,390.78944468127577,2023-06-04 08:00:00
1089,508.89841472810383,2023-06-04 09:00:00
1090,496.5748176965338,2023-06-04 10:00:00
1091,551.9116636297356,2023-06-04 11:00:00
1092,491.7635642089665,2023-06-04 12:00:00
1093,411.9159587858389,2023-06-04 13:00:00
1094,291.43139510463936,2023-06-04 14:00:00
1095,240.78043818388215,2023-06-04 15:00:00
1096,213.5584896368603,2023-06-04 16:00:00
1097,170.92086399555367,2023-06-04 17:00:00
1098,92.01852667435531,2023-06-04 18:00:00
1099,27.721777202378973,2023-06-04 19:00:00
1100,12.56725254018636,2023-06-04 20:00:00
1101,5.188853243237816,2023-06-04 21:00:00
1102,5.397752438147336,2023-06-04 22:00:00
1103,6.223187940463049,2023-06-04 23:00:00
1104,0.0,2023-06-06 00:00:00
1105,6.090750954422333,2023-06-06 01:00:00
1106,14.820151328136603,2023-06-06 02:00:00
1107,24.231592263653283,2023-06-06 03:00:00
1108,53.81062707957437,2023-06-06 04:00:00
1109,100.11020171895257,2023-06-06 05:00:00
1110,135.89694975861804,2023-06-06 06:00:00
1111,180.97626765500897,2023-06-06 07:00:00
1112,212.69462125785412,2023-06-06 08:00:00
1113,247.1507215891614,2023-06-06 09:00:00
1114,313.5224800835901,2023-06-06 10:00:00
1115,282.1748352670677,2023-06-06 11:00:00
1116,315.22533177821924,2023-06-06 12:00:00
1117,319.9733357491915,2023-06-06 13:00:00
1118,255.1406796441834,2023-06-06 14:00:00
1119,198.96483579752908,2023-06-06 15:00:00
1120,195.4369000575967,2023-06-06 16:00:00
1121,141.41438660947264,2023-06-06 17:00:00
1122,104.06555677008112,2023-06-06 18:00:00
1123,49.517657343778296,2023-06-06 19:00:00
1124,12.7201000934366,2023-06-06 20:00:00
1125,0.0,2023-06-06 21:00:00
1126,0.0,2023-06-06 22:00:00
1127,0.0,2023-06-06 23:00:00
1128,12.402631654311278,2023-06-09 00:00:00
1129,10.973162779556503,2023-06-09 01:00:00
1130,36.93646911949901,2023-06-09 02:00:00
1131,105.15855904920738,2023-06-09 03:00:00
1132,212.82514463754063,2023-06-09 04:00:00
1133,387.40782722046765,2023-06-09 05:00:00
1134,610.23844348119,2023-06-09 06:00:00
1135,758.922016499477,2023-06-09 07:00:00
1136,894.6468888713284,2023-06-09 08:00:00
1137,935.3951766133924,2023-06-09 09:00:00
1138,925.2739562882708,2023-06-09 10:00:00
1139,861.5406528455453,2023-06-09 11:00:00
1140,852.1339610657176,2023-06-09 12:00:00
1141,850.3645492335567,2023-06-09 13:00:00
1142,773.8662058699834,2023-06-09 14:00:00
1143,558.1198162159549,2023-06-09 15:00:00
1144,397.06466115145946,2023-06-09 16:00:00
1145,259.6862364088828,2023-06-09 17:00:00
1146,133.35927065251744,2023-06-09 18:00:00
1147,55.813899913120736,2023-06-09 19:00:00
1148,19.357870122708164,2023-06-09 20:00:00
1149,0.0,2023-06-09 21:00:00
1150,0.0,2023-06-09 22:00:00
1151,0.0,2023-06-09 23:00:00
1152,8.259845788006828,2023-06-11 00:00:00
1153,9.80019172910147,2023-06-11 01:00:00
1154,36.34634133939824,2023-06-11 02:00:00
1155,98.05782231697094,2023-06-11 03:00:00
1156,201.20410281048584,2023-06-11 04:00:00
1157,342.1577184017309,2023-06-11 05:00:00
1158,478.50995311526754,2023-06-11 06:00:00
1159,627.5204417947209,2023-06-11 07:00:00
1160,816.859254025208,2023-06-11 08:00:00
1161,904.3458392054454,2023-06-11 09:00:00
1162,760.7155606563492,2023-06-11 10:00:00
1163,554.9960046388992,2023-06-11 11:00:00
1164,332.6777899923685,2023-06-11 12:00:00
1165,284.77615438577624,2023-06-11 13:00:00
1166,336.41327643382186,2023-06-11 14:00:00
1167,336.01366924422246,2023-06-11 15:00:00
1168,286.1388962129452,2023-06-11 16:00:00
1169,173.13533477803054,2023-06-11 17:00:00
1170,76.31802829986123,2023-06-11 18:00:00
1171,35.143070034282914,2023-06-11 19:00:00
1172,14.784465514516684,2023-06-11 20:00:00
1173,5.364385122075532,2023-06-11 21:00:00
1174,7.392181269417335,2023-06-11 22:00:00
1175,8.097161224105207,2023-06-11 23:00:00
1176,0.0,2023-06-13 00:00:00
1177,8.066313633283926,2023-06-13 01:00:00
1178,21.515018587961777,2023-06-13 02:00:00
1179,51.91385599903919,2023-06-13 03:00:00
1180,118.99133498504357,2023-06-13 04:00:00
1181,238.0762502908613,2023-06-13 05:00:00
1182,442.7120260440947,2023-06-13 06:00:00
1183,618.8016934004672,2023-06-13 07:00:00
1184,797.7691256429038,2023-06-13 08:00:00
1185,842.9712796730167,2023-06-13 09:00:00
1186,943.4905226327522,2023-06-13 10:00:00
1187,906.0657121060124,2023-06-13 11:00:00
1188,908.1411666160008,2023-06-13 12:00:00
1189,810.364662767061,2023-06-13 13:00:00
1190,704.43259588401,2023-06-13 14:00:00
1191,532.7982220192893,2023-06-13 15:00:00
1192,380.0222069245384,2023-06-13 16:00:00
1193,262.2299997789867,2023-06-13 17:00:00
1194,144.93869519669175,2023-06-13 18:00:00
1195,61.26216791632521,2023-06-13 19:00:00
1196,20.68441170417549,2023-06-13 20:00:00
1197,0.0,2023-06-13 21:00:00
1198,0.0,2023-06-13 22:00:00
1199,6.392384263141253,2023-06-13 23:00:00
1200,11.574835039569225,2023-06-14 00:00:00
1201,19.08859258237976,2023-06-14 01:00:00
1202,38.29779875920457,2023-06-14 02:00:00
1203,103.2521930510892,2023-06-14 03:00:00
1204,214.6157855458247,2023-06-14 04:00:00
1205,360.186444093699,2023-06-14 05:00:00
1206,502.8267997373688,2023-06-14 06:00:00
1207,704.9224035893455,2023-06-14 07:00:00
1208,853.7467570317641,2023-06-14 08:00:00
1209,935.6102195606758,2023-06-14 09:00:00
1210,928.6911263797034,2023-06-14 10:00:00
1211,847.0334322179754,2023-06-14 11:00:00
1212,877.960343768095,2023-06-14 12:00:00
1213,809.7014803260095,2023-06-14 13:00:00
1214,753.2996734628268,2023-06-14 14:00:00
1215,540.1730902042841,2023-06-14 15:00:00
1216,392.91823090962345,2023-06-14 16:00:00
1217,268.8500063832247,2023-06-14 17:00:00
1218,138.73329786476594,2023-06-14 18:00:00
1219,64.22238376363765,2023-06-14 19:00:00
1220,27.000299778639828,2023-06-14 20:00:00
1221,0.0,2023-06-14 21:00:00
1222,0.0,2023-06-14 22:00:00
1223,6.112289926609151,2023-06-14 23:00:00
1224,0.0,2023-06-18 00:00:00
1225,5.470420567828057,2023-06-18 01:00:00
1226,27.511002808836565,2023-06-18 02:00:00
1227,88.45692201402755,2023-06-18 03:00:00
1228,195.64989011291823,2023-06-18 04:00:00
1229,301.7168405206127,2023-06-18 05:00:00
1230,437.0630250304207,2023-06-18 06:00:00
1231,714.6146806394286,2023-06-18 07:00:00
1232,852.1507700863406,2023-06-18 08:00:00
1233,846.0526715170313,2023-06-18 09:00:00
1234,742.2034138467875,2023-06-18 10:00:00
1235,679.846704660995,2023-06-18 11:00:00
1236,629.3018044820176,2023-06-18 12:00:00
1237,713.626775853987,2023-06-18 13:00:00
1238,495.963858222676,2023-06-18 14:00:00
1239,360.9413803891043,2023-06-18 15:00:00
1240,304.7963928079545,2023-06-18 16:00:00
1241,167.44350167056427,2023-06-18 17:00:00
1242,98.31211405224826,2023-06-18 18:00:00
1243,44.21233946579344,2023-06-18 19:00:00
1244,6.090423292226831,2023-06-18 20:00:00
1245,0.0,2023-06-18 21:00:00
1246,0.0,2023-06-18 22:00:00
1247,0.0,2023-06-18 23:00:00
1248,0.0,2023-06-19 00:00:00
1249,0.0,2023-06-19 01:00:00
1250,8.947655776023623,2023-06-19 02:00:00
1251,16.15986331479735,2023-06-19 03:00:00
1252,55.94348235464832,2023-06-19 04:00:00
1253,144.20335866229985,2023-06-19 05:00:00
1254,196.920823720901,2023-06-19 06:00:00
1255,331.4458088869412,2023-06-19 07:00:00
1256,245.7627760028537,2023-06-19 08:00:00
1257,190.2318296668593,2023-06-19 09:00:00
1258,361.3295677635886,2023-06-19 10:00:00
1259,768.8251058106302,2023-06-19 11:00:00
1260,753.3493546662335,2023-06-19 12:00:00
1261,871.2040675944513,2023-06-19 13:00:00
1262,723.8330287780939,2023-06-19 14:00:00
1263,497.62599445010767,2023-06-19 15:00:00
1264,346.1951910507676,2023-06-19 16:00:00
1265,185.2095996599959,2023-06-19 17:00:00
1266,94.60683538995649,2023-06-19 18:00:00
1267,42.192955314314645,2023-06-19 19:00:00
1268,8.538143127490684,2023-06-19 20:00:00
1269,0.0,2023-06-19 21:00:00
1270,0.0,2023-06-19 22:00:00
1271,0.0,2023-06-19 23:00:00
1272,0.0,2023-06-22 00:00:00
1273,0.0,2023-06-22 01:00:00
1274,0.0,2023-06-22 02:00:00
1275,33.6388255576623,2023-06-22 03:00:00
1276,28.73221324662694,2023-06-22 04:00:00
1277,32.759020502793305,2023-06-22 05:00:00
1278,83.73974849270019,2023-06-22 06:00:00
1279,214.2171224665965,2023-06-22 07:00:00
1280,339.600822031023,2023-06-22 08:00:00
1281,357.70765369942126,2023-06-22 09:00:00
1282,371.6422462365632,2023-06-22 10:00:00
1283,334.2453651940312,2023-06-22 11:00:00
1284,340.78733146233907,2023-06-22 12:00:00
1285,364.2386203264875,2023-06-22 13:00:00
1286,484.8806597350575,2023-06-22 14:00:00
1287,397.4126369318416,2023-06-22 15:00:00
1288,309.2327166451562,2023-06-22 16:00:00
1289,202.35704753470608,2023-06-22 17:00:00
1290,105.1942482685838,2023-06-22 18:00:00
1291,45.056886146937984,2023-06-22 19:00:00
1292,8.09916847729744,2023-06-22 20:00:00
1293,0.0,2023-06-22 21:00:00
1294,0.0,2023-06-22 22:00:00
1295,0.0,2023-06-22 23:00:00
1296,0.0,2023-06-26 00:00:00
1297,0.0,2023-06-26 01:00:00
1298,21.228678120202854,2023-06-26 02:00:00
1299,80.53941956822769,2023-06-26 03:00:00
1300,176.50080965190537,2023-06-26 04:00:00
1301,350.30785348817506,2023-06-26 05:00:00
1302,541.9740522754138,2023-06-26 06:00:00
1303,665.7333457993223,2023-06-26 07:00:00
1304,756.3553521099592,2023-06-26 08:00:00
1305,748.2567964238247,2023-06-26 09:00:00
1306,738.420716457202,2023-06-26 10:00:00
1307,720.2361423658878,2023-06-26 11:00:00
1308,729.3068164378283,2023-06-26 12:00:00
1309,693.4785337267384,2023-06-26 13:00:00
1310,652.1460463701695,2023-06-26 14:00:00
1311,457.3485535704274,2023-06-26 15:00:00
1312,374.22338069958687,2023-06-26 16:00:00
1313,193.1304723489657,2023-06-26 17:00:00
1314,79.23823585296708,2023-06-26 18:00:00
1315,30.95779228783198,2023-06-26 19:00:00
1316,0.0,2023-06-26 20:00:00
1317,0.0,2023-06-26 21:00:00
1318,0.0,2023-06-26 22:00:00
1319,0.0,2023-06-26 23:00:00
1320,0.0,2023-06-28 00:00:00
1321,0.0,2023-06-28 01:00:00
1322,25.515982041221942,2023-06-28 02:00:00
1323,81.51078823388366,2023-06-28 03:00:00
1324,183.08668204563443,2023-06-28 04:00:00
1325,307.86541238661505,2023-06-28 05:00:00
1326,449.9325423828202,2023-06-28 06:00:00
1327,584.8470830650392,2023-06-28 07:00:00
1328,767.3472136463665,2023-06-28 08:00:00
1329,829.3035476353057,2023-06-28 09:00:00
1330,896.7744773707691,2023-06-28 10:00:00
1331,797.3873600624268,2023-06-28 11:00:00
1332,778.5370525277737,2023-06-28 12:00:00
1333,726.1084225929203,2023-06-28 13:00:00
1334,674.6305641988835,2023-06-28 14:00:00
1335,393.78468793777336,2023-06-28 15:00:00
1336,249.4283163146128,2023-06-28 16:00:00
1337,176.16411220917948,2023-06-28 17:00:00
1338,105.12059535645476,2023-06-28 18:00:00
1339,42.89191856255553,2023-06-28 19:00:00
1340,7.117258313791808,2023-06-28 20:00:00
1341,0.0,2023-06-28 21:00:00
1342,0.0,2023-06-28 22:00:00
1343,0.0,2023-06-28 23:00:00
1344,0.0,2023-06-29 00:00:00
1345,0.0,2023-06-29 01:00:00
1346,22.082733846663587,2023-06-29 02:00:00
1347,74.6325137296966,2023-06-29 03:00:00
1348,116.4057680118136,2023-06-29 04:00:00
1349,167.7756316816436,2023-06-29 05:00:00
1350,214.0379173515694,2023-06-29 06:00:00
1351,283.78244298767686,2023-06-29 07:00:00
1352,255.4277232800356,2023-06-29 08:00:00
1353,320.1381044724704,2023-06-29 09:00:00
1354,490.1484407981885,2023-06-29 10:00:00
1355,381.8805119185174,2023-06-29 11:00:00
1356,355.8830203374505,2023-06-29 12:00:00
1357,369.3490045182291,2023-06-29 13:00:00
1358,291.5140800338838,2023-06-29 14:00:00
1359,261.09648950867984,2023-06-29 15:00:00
1360,176.0054191800617,2023-06-29 16:00:00
1361,98.57926811381128,2023-06-29 17:00:00
1362,52.33850051406881,2023-06-29 18:00:00
1363,29.849276469031903,2023-06-29 19:00:00
1364,11.257668890892203,2023-06-29 20:00:00
1365,0.0,2023-06-29 21:00:00
1366,0.0,2023-06-29 22:00:00
1367,0.0,2023-06-29 23:00:00
1368,0.0,2023-06-30 00:00:00
1369,6.584472862967516,2023-06-30 01:00:00
1370,12.269895845737269,2023-06-30 02:00:00
1371,12.355519296922182,2023-06-30 03:00:00
1372,23.77838777651448,2023-06-30 04:00:00
1373,37.9898921489384,2023-06-30 05:00:00
1374,88.6693972681399,2023-06-30 06:00:00
1375,196.5799128013117,2023-06-30 07:00:00
1376,199.52374599445696,2023-06-30 08:00:00
1377,213.29509890124788,2023-06-30 09:00:00
1378,238.6213697032996,2023-06-30 10:00:00
1379,306.8241282871413,2023-06-30 11:00:00
1380,281.5232740514555,2023-06-30 12:00:00
1381,279.65247453140705,2023-06-30 13:00:00
1382,252.3618795098801,2023-06-30 14:00:00
1383,213.01881122364023,2023-06-30 15:00:00
1384,191.00175602052877,2023-06-30 16:00:00
1385,109.56163529951542,2023-06-30 17:00:00
1386,70.53001669233896,2023-06-30 18:00:00
1387,32.12979096380741,2023-06-30 19:00:00
1388,14.497747348749556,2023-06-30 20:00:00
1389,0.0,2023-06-30 21:00:00
1390,0.0,2023-06-30 22:00:00
1391,0.0,2023-06-30 23:00:00
1392,0.0,2023-07-02 00:00:00
1393,0.0,2023-07-02 01:00:00
1394,25.24015637656248,2023-07-02 02:00:00
1395,68.94418676365916,2023-07-02 03:00:00
1396,175.56909083289142,2023-07-02 04:00:00
1397,217.107100527078,2023-07-02 05:00:00
1398,236.9071799000692,2023-07-02 06:00:00
1399,344.09012329024296,2023-07-02 07:00:00
1400,508.3018713010107,2023-07-02 08:00:00
1401,615.7933176428782,2023-07-02 09:00:00
1402,609.2490169220355,2023-07-02 10:00:00
1403,469.9149748027827,2023-07-02 11:00:00
1404,494.14420739819855,2023-07-02 12:00:00
1405,491.62738807034407,2023-07-02 13:00:00
1406,379.5823143367969,2023-07-02 14:00:00
1407,210.06293228813735,2023-07-02 15:00:00
1408,200.32108128162,2023-07-02 16:00:00
1409,136.63035024409132,2023-07-02 17:00:00
1410,81.3115006080086,2023-07-02 18:00:00
1411,40.132158090926,2023-07-02 19:00:00
1412,10.661377863443532,2023-07-02 20:00:00
1413,0.0,2023-07-02 21:00:00
1414,5.536116141591208,2023-07-02 22:00:00
1415,5.931672733824087,2023-07-02 23:00:00
1416,0.0,2023-07-03 00:00:00
1417,0.0,2023-07-03 01:00:00
1418,8.540601873649848,2023-07-03 02:00:00
1419,44.63847256097927,2023-07-03 03:00:00
1420,92.13899110171366,2023-07-03 04:00:00
1421,54.66745448407568,2023-07-03 05:00:00
1422,101.48920162567276,2023-07-03 06:00:00
1423,129.53595363086365,2023-07-03 07:00:00
1424,276.97281887501646,2023-07-03 08:00:00
1425,528.7629200028326,2023-07-03 09:00:00
1426,467.9285448900298,2023-07-03 10:00:00
1427,560.1969257489128,2023-07-03 11:00:00
1428,586.4168934313495,2023-07-03 12:00:00
1429,514.9904874463605,2023-07-03 13:00:00
1430,320.0080364424749,2023-07-03 14:00:00
1431,290.5776595819774,2023-07-03 15:00:00
1432,200.01895345278427,2023-07-03 16:00:00
1433,150.22853590418708,2023-07-03 17:00:00
1434,86.30119181859982,2023-07-03 18:00:00
1435,43.088785442524056,2023-07-03 19:00:00
1436,16.098598830750404,2023-07-03 20:00:00
1437,0.0,2023-07-03 21:00:00
1438,7.208970635227388,2023-07-03 22:00:00
1439,6.831491433697067,2023-07-03 23:00:00
1440,0.0,2023-05-01 00:00:00
1441,0.0,2023-05-01 01:00:00
1442,0.0,2023-05-01 02:00:00
1443,0.0,2023-05-01 03:00:00
1444,29.572590590189375,2023-05-01 04:00:00
1445,63.44907466452693,2023-05-01 05:00:00
1446,152.29760118467732,2023-05-01 06:00:00
1447,245.15063218622925,2023-05-01 07:00:00
1448,266.2352985713804,2023-05-01 08:00:00
1449,305.749741004239,2023-05-01 09:00:00
1450,294.6638473411476,2023-05-01 10:00:00
1451,308.4893341955079,2023-05-01 11:00:00
1452,240.38467147478028,2023-05-01 12:00:00
1453,252.9377612377008,2023-05-01 13:00:00
1454,332.17398771153603,2023-05-01 14:00:00
1455,270.62466112839223,2023-05-01 15:00:00
1456,229.24032774140244,2023-05-01 16:00:00
1457,140.39443642796314,2023-05-01 17:00:00
1458,60.4758067988262,2023-05-01 18:00:00
1459,16.76313031836611,2023-05-01 19:00:00
1460,6.214129073824353,2023-05-01 20:00:00
1461,0.0,2023-05-01 21:00:00
1462,0.0,2023-05-01 22:00:00
1463,0.0,2023-05-01 23:00:00
1464,0.0,2023-05-06 00:00:00
1465,0.0,2023-05-06 01:00:00
1466,0.0,2023-05-06 02:00:00
1467,12.676425813593768,2023-05-06 03:00:00
1468,47.96815513669554,2023-05-06 04:00:00
1469,96.33476095089296,2023-05-06 05:00:00
1470,167.19182899868403,2023-05-06 06:00:00
1471,255.53197137390825,2023-05-06 07:00:00
1472,452.6039772080694,2023-05-06 08:00:00
1473,542.054077753646,2023-05-06 09:00:00
1474,623.1225502775638,2023-05-06 10:00:00
1475,680.4571401784701,2023-05-06 11:00:00
1476,684.309229794371,2023-05-06 12:00:00
1477,607.3294335315288,2023-05-06 13:00:00
1478,532.7751104074329,2023-05-06 14:00:00
1479,416.11475205571753,2023-05-06 15:00:00
1480,325.0232552729635,2023-05-06 16:00:00
1481,194.37294827377136,2023-05-06 17:00:00
1482,91.35470667767962,2023-05-06 18:00:00
1483,41.317106916125,2023-05-06 19:00:00
1484,20.04325347784706,2023-05-06 20:00:00
1485,12.81710974226644,2023-05-06 21:00:00
1486,6.833979129311075,2023-05-06 22:00:00
1487,0.0,2023-05-06 23:00:00
1488,0.0,2023-05-14 00:00:00
1489,0.0,2023-05-14 01:00:00
1490,0.0,2023-05-14 02:00:00
1491,26.18020210806236,2023-05-14 03:00:00
1492,74.67039992065372,2023-05-14 04:00:00
1493,147.75623097844553,2023-05-14 05:00:00
1494,279.8910020696194,2023-05-14 06:00:00
1495,436.69307767061423,2023-05-14 07:00:00
1496,603.9528323224392,2023-05-14 08:00:00
1497,751.5073949915779,2023-05-14 09:00:00
1498,837.7518206622883,2023-05-14 10:00:00
1499,699.2689803405885,2023-05-14 11:00:00
1500,723.9414111267572,2023-05-14 12:00:00
1501,613.8797142208798,2023-05-14 13:00:00
1502,569.7676992085926,2023-05-14 14:00:00
1503,391.87697033386047,2023-05-14 15:00:00
1504,226.0412359454909,2023-05-14 16:00:00
1505,157.18629812203966,2023-05-14 17:00:00
1506,80.58667079275463,2023-05-14 18:00:00
1507,39.14519864933038,2023-05-14 19:00:00
1508,6.32422744432796,2023-05-14 20:00:00
1509,0.0,2023-05-14 21:00:00
1510,0.0,2023-05-14 22:00:00
1511,0.0,2023-05-14 23:00:00
1512,0.0,2023-05-18 00:00:00
1513,0.0,2023-05-18 01:00:00
1514,0.0,2023-05-18 02:00:00
1515,21.57209050746519,2023-05-18 03:00:00
1516,61.86565525774262,2023-05-18 04:00:00
1517,133.28749023074465,2023-05-18 05:00:00
1518,295.12995977080004,2023-05-18 06:00:00
1519,422.0161713158395,2023-05-18 07:00:00
1520,536.9752749410134,2023-05-18 08:00:00
1521,517.5738981098309,2023-05-18 09:00:00
1522,569.1639108025138,2023-05-18 10:00:00
1523,618.1151781039728,2023-05-18 11:00:00
1524,671.3349607763544,2023-05-18 12:00:00
1525,549.9037548121908,2023-05-18 13:00:00
1526,556.4006780634581,2023-05-18 14:00:00
1527,471.7490128907621,2023-05-18 15:00:00
1528,337.0110693938527,2023-05-18 16:00:00
1529,148.08278993119384,2023-05-18 17:00:00
1530,82.45197126820446,2023-05-18 18:00:00
1531,40.809964802285606,2023-05-18 19:00:00
1532,7.197733345481936,2023-05-18 20:00:00
1533,0.0,2023-05-18 21:00:00
1534,0.0,2023-05-18 22:00:00
1535,0.0,2023-05-18 23:00:00
1536,0.0,2023-05-20 00:00:00
1537,0.0,2023-05-20 01:00:00
1538,5.144681661789889,2023-05-20 02:00:00
1539,30.76152275392434,2023-05-20 03:00:00
1540,65.01228356910184,2023-05-20 04:00:00
1541,142.092041804771,2023-05-20 05:00:00
1542,297.4323591338861,2023-05-20 06:00:00
1543,435.0643597566931,2023-05-20 07:00:00
1544,568.6187768880607,2023-05-20 08:00:00
1545,603.3877970501953,2023-05-20 09:00:00
1546,653.5466826912467,2023-05-20 10:00:00
1547,654.3364186496735,2023-05-20 11:00:00
1548,749.3703323212135,2023-05-20 12:00:00
1549,630.6263869544584,2023-05-20 13:00:00
1550,612.6676823860475,2023-05-20 14:00:00
1551,461.6594866102666,2023-05-20 15:00:00
1552,337.6346443048296,2023-05-20 16:00:00
1553,202.9964442438971,2023-05-20 17:00:00
1554,106.50376348158096,2023-05-20 18:00:00
1555,49.0290489480106,2023-05-20 19:00:00
1556,14.304338279695372,2023-05-20 20:00:00
1557,5.77427303040443,2023-05-20 21:00:00
1558,0.0,2023-05-20 22:00:00
1559,0.0,2023-05-20 23:00:00
1560,0.0,2023-05-21 00:00:00
1561,0.0,2023-05-21 01:00:00
1562,7.863650172010068,2023-05-21 02:00:00
1563,34.44015477943893,2023-05-21 03:00:00
1564,74.34094581022148,2023-05-21 04:00:00
1565,151.70608065273024,2023-05-21 05:00:00
1566,314.5086440901592,2023-05-21 06:00:00
1567,448.94276312548607,2023-05-21 07:00:00
1568,561.0900180328204,2023-05-21 08:00:00
1569,626.9833286875385,2023-05-21 09:00:00
1570,664.8644278052602,2023-05-21 10:00:00
1571,656.4172610557687,2023-05-21 11:00:00
1572,678.8031477024876,2023-05-21 12:00:00
1573,556.3765382458357,2023-05-21 13:00:00
1574,533.9626817812393,2023-05-21 14:00:00
1575,461.2272334121615,2023-05-21 15:00:00
1576,305.3371902581574,2023-05-21 16:00:00
1577,168.2162061395585,2023-05-21 17:00:00
1578,112.79979390511755,2023-05-21 18:00:00
1579,55.47078276376266,2023-05-21 19:00:00
1580,18.442771807156845,2023-05-21 20:00:00
1581,6.547528989404839,2023-05-21 21:00:00
1582,0.0,2023-05-21 22:00:00
1583,0.0,2023-05-21 23:00:00
1584,0.0,2023-05-22 00:00:00
1585,0.0,2023-05-22 01:00:00
1586,6.906599679834187,2023-05-22 02:00:00
1587,34.39075785263395,2023-05-22 03:00:00
1588,77.67843826877629,2023-05-22 04:00:00
1589,154.4576717823247,2023-05-22 05:00:00
1590,324.4081459824465,2023-05-22 06:00:00
1591,495.2014022325836,2023-05-22 07:00:00
1592,609.9183564929075,2023-05-22 08:00:00
1593,712.5077363568082,2023-05-22 09:00:00
1594,715.9828197848349,2023-05-22 10:00:00
1595,686.2169231607364,2023-05-22 11:00:00
1596,704.3511210763121,2023-05-22 12:00:00
1597,614.6127357882025,2023-05-22 13:00:00
1598,541.4410076332588,2023-05-22 14:00:00
1599,450.2380233932945,2023-05-22 15:00:00
1600,286.0685067265557,2023-05-22 16:00:00
1601,184.3611797706853,2023-05-22 17:00:00
1602,107.84701350423332,2023-05-22 18:00:00
1603,50.23426158267932,2023-05-22 19:00:00
1604,16.184279477811685,2023-05-22 20:00:00
1605,0.0,2023-05-22 21:00:00
1606,0.0,2023-05-22 22:00:00
1607,0.0,2023-05-22 23:00:00
1608,0.0,2023-05-23 00:00:00
1609,0.0,2023-05-23 01:00:00
1610,0.0,2023-05-23 02:00:00
1611,7.945558555457865,2023-05-23 03:00:00
1612,16.413998591293478,2023-05-23 04:00:00
1613,32.07575504849456,2023-05-23 05:00:00
1614,80.0614889805245,2023-05-23 06:00:00
1615,80.88197310024026,2023-05-23 07:00:00
1616,99.4506248198754,2023-05-23 08:00:00
1617,122.67333751663972,2023-05-23 09:00:00
1618,166.71151481379576,2023-05-23 10:00:00
1619,281.4440248159491,2023-05-23 11:00:00
1620,355.82326471095314,2023-05-23 12:00:00
1621,434.11027508384745,2023-05-23 13:00:00
1622,352.4200397222947,2023-05-23 14:00:00
1623,327.2178841670379,2023-05-23 15:00:00
1624,238.952177425217,2023-05-23 16:00:00
1625,156.2507988683029,2023-05-23 17:00:00
1626,90.96687772846067,2023-05-23 18:00:00
1627,42.625675584929695,2023-05-23 19:00:00
1628,15.168182795825317,2023-05-23 20:00:00
1629,5.194527273261656,2023-05-23 21:00:00
1630,0.0,2023-05-23 22:00:00
1631,0.0,2023-05-23 23:00:00
1632,0.0,2023-05-25 00:00:00
1633,0.0,2023-05-25 01:00:00
1634,9.765908743542129,2023-05-25 02:00:00
1635,25.783168296859746,2023-05-25 03:00:00
1636,44.29346189382738,2023-05-25 04:00:00
1637,81.68664419375477,2023-05-25 05:00:00
1638,199.15324538855455,2023-05-25 06:00:00
1639,296.2697548432868,2023-05-25 07:00:00
1640,409.39920289160347,2023-05-25 08:00:00
1641,472.47221063380965,2023-05-25 09:00:00
1642,506.6054558780679,2023-05-25 10:00:00
1643,534.4318576697624,2023-05-25 11:00:00
1644,590.8410033135357,2023-05-25 12:00:00
1645,552.8163258068972,2023-05-25 13:00:00
1646,422.157646488477,2023-05-25 14:00:00
1647,273.19217271017067,2023-05-25 15:00:00
1648,119.10690166937296,2023-05-25 16:00:00
1649,89.32593344761571,2023-05-25 17:00:00
1650,57.40152885730589,2023-05-25 18:00:00
1651,21.86999470081952,2023-05-25 19:00:00
1652,6.915321293849843,2023-05-25 20:00:00
1653,0.0,2023-05-25 21:00:00
1654,0.0,2023-05-25 22:00:00
1655,0.0,2023-05-25 23:00:00
1656,0.0,2023-05-27 00:00:00
1657,0.0,2023-05-27 01:00:00
1658,5.750410210684265,2023-05-27 02:00:00
1659,12.450937034493734,2023-05-27 03:00:00
1660,27.20886203270061,2023-05-27 04:00:00
1661,43.49904092456467,2023-05-27 05:00:00
1662,123.57358256465858,2023-05-27 06:00:00
1663,184.44709191548503,2023-05-27 07:00:00
1664,303.1438752543405,2023-05-27 08:00:00
1665,270.4491182515886,2023-05-27 09:00:00
1666,308.6185053772123,2023-05-27 10:00:00
1667,276.0635387518491,2023-05-27 11:00:00
1668,298.64855505824846,2023-05-27 12:00:00
1669,278.8095577844717,2023-05-27 13:00:00
1670,209.98560771697248,2023-05-27 14:00:00
1671,151.65059653719055,2023-05-27 15:00:00
1672,129.5725966162122,2023-05-27 16:00:00
1673,88.79687540602191,2023-05-27 17:00:00
1674,66.39237254614318,2023-05-27 18:00:00
1675,27.528022266321443,2023-05-27 19:00:00
1676,0.0,2023-05-27 20:00:00
1677,0.0,2023-05-27 21:00:00
1678,6.999822989773463,2023-05-27 22:00:00
1679,0.0,2023-05-27 23:00:00
1680,0.0,2023-05-28 00:00:00
1681,0.0,2023-05-28 01:00:00
1682,0.0,2023-05-28 02:00:00
1683,13.12195839083722,2023-05-28 03:00:00
1684,39.043617148610906,2023-05-28 04:00:00
1685,79.65047569735432,2023-05-28 05:00:00
1686,161.05394860934996,2023-05-28 06:00:00
1687,273.0910505954456,2023-05-28 07:00:00
1688,337.2610488620644,2023-05-28 08:00:00
1689,211.4659820847584,2023-05-28 09:00:00
1690,214.059141023002,2023-05-28 10:00:00
1691,380.9741496020288,2023-05-28 11:00:00
1692,419.6829371612467,2023-05-28 12:00:00
1693,306.2629466075877,2023-05-28 13:00:00
1694,373.49659525575913,2023-05-28 14:00:00
1695,351.8691200009301,2023-05-28 15:00:00
1696,262.45493614990016,2023-05-28 16:00:00
1697,221.7981406990678,2023-05-28 17:00:00
1698,142.414649059645,2023-05-28 18:00:00
1699,65.29301062570869,2023-05-28 19:00:00
1700,23.68481388945236,2023-05-28 20:00:00
1701,9.82425044571346,2023-05-28 21:00:00
1702,5.746662221273084,2023-05-28 22:00:00
1703,0.0,2023-05-28 23:00:00
1704,0.0,2023-05-30 00:00:00
1705,0.0,2023-05-30 01:00:00
1706,11.126308656467671,2023-05-30 02:00:00
1707,24.730715398711908,2023-05-30 03:00:00
1708,63.54538783611318,2023-05-30 04:00:00
1709,101.78567146063963,2023-05-30 05:00:00
1710,163.4094967870069,2023-05-30 06:00:00
1711,220.5541802701461,2023-05-30 07:00:00
1712,268.198875110022,2023-05-30 08:00:00
1713,400.64935946707897,2023-05-30 09:00:00
1714,329.6800014045273,2023-05-30 10:00:00
1715,382.53191881207033,2023-05-30 11:00:00
1716,393.6473085380078,2023-05-30 12:00:00
1717,295.7061293182971,2023-05-30 13:00:00
1718,292.8999768237161,2023-05-30 14:00:00
1719,252.31227726662416,2023-05-30 15:00:00
1720,186.0005788540008,2023-05-30 16:00:00
1721,103.74503455616524,2023-05-30 17:00:00
1722,73.67828545825878,2023-05-30 18:00:00
1723,28.46160380675056,2023-05-30 19:00:00
1724,17.07749170186247,2023-05-30 20:00:00
1725,6.480351207702597,2023-05-30 21:00:00
1726,0.0,2023-05-30 22:00:00
1727,0.0,2023-05-30 23:00:00
1728,0.0,2023-06-01 00:00:00
1729,0.0,2023-06-01 01:00:00
1730,11.968409011631934,2023-06-01 02:00:00
1731,23.25900099746582,2023-06-01 03:00:00
1732,47.89786830866905,2023-06-01 04:00:00
1733,113.44453484577753,2023-06-01 05:00:00
1734,185.9472739134989,2023-06-01 06:00:00
1735,274.5743473305931,2023-06-01 07:00:00
1736,270.679912425931,2023-06-01 08:00:00
1737,335.7120035916448,2023-06-01 09:00:00
1738,442.25430129170127,2023-06-01 10:00:00
1739,447.56271346259393,2023-06-01 11:00:00
1740,271.617766310523,2023-06-01 12:00:00
1741,277.79722233971376,2023-06-01 13:00:00
1742,272.96055291740447,2023-06-01 14:00:00
1743,242.8025522026647,2023-06-01 15:00:00
1744,179.77428596373446,2023-06-01 16:00:00
1745,156.08583861529172,2023-06-01 17:00:00
1746,97.55034720427756,2023-06-01 18:00:00
1747,49.97471035676733,2023-06-01 19:00:00
1748,20.639527716194493,2023-06-01 20:00:00
1749,6.373020089685099,2023-06-01 21:00:00
1750,6.059078004253081,2023-06-01 22:00:00
1751,0.0,2023-06-01 23:00:00
1752,0.0,2023-06-02 00:00:00
1753,0.0,2023-06-02 01:00:00
1754,11.426291492141218,2023-06-02 02:00:00
1755,26.54214628566865,2023-06-02 03:00:00
1756,69.81425817262101,2023-06-02 04:00:00
1757,108.848061582529,2023-06-02 05:00:00
1758,195.34834360914203,2023-06-02 06:00:00
1759,275.1074071489108,2023-06-02 07:00:00
1760,347.8962706577676,2023-06-02 08:00:00
1761,467.7473796148615,2023-06-02 09:00:00
1762,532.3932085042686,2023-06-02 10:00:00
1763,519.311245259885,2023-06-02 11:00:00
1764,429.59210978691584,2023-06-02 12:00:00
1765,372.4332376744993,2023-06-02 13:00:00
1766,293.68927911683994,2023-06-02 14:00:00
1767,187.68120340226076,2023-06-02 15:00:00
1768,171.44332651690286,2023-06-02 16:00:00
1769,112.66599253541018,2023-06-02 17:00:00
1770,71.04394742022549,2023-06-02 18:00:00
1771,33.04422772907998,2023-06-02 19:00:00
1772,16.618379470911066,2023-06-02 20:00:00
1773,5.859329194676377,2023-06-02 21:00:00
1774,5.606435501843578,2023-06-02 22:00:00
1775,0.0,2023-06-02 23:00:00
1776,0.0,2023-06-03 00:00:00
1777,0.0,2023-06-03 01:00:00
1778,6.570091117543655,2023-06-03 02:00:00
1779,7.725322252254216,2023-06-03 03:00:00
1780,34.72333357026025,2023-06-03 04:00:00
1781,64.42348204599949,2023-06-03 05:00:00
1782,121.57561326571444,2023-06-03 06:00:00
1783,140.48472372948044,2023-06-03 07:00:00
1784,165.66777383969225,2023-06-03 08:00:00
1785,210.3613130041493,2023-06-03 09:00:00
1786,214.71260593862215,2023-06-03 10:00:00
1787,227.68768989998077,2023-06-03 11:00:00
1788,232.5980894003729,2023-06-03 12:00:00
1789,156.86160413304214,2023-06-03 13:00:00
1790,177.75511604112964,2023-06-03 14:00:00
1791,191.58001515387912,2023-06-03 15:00:00
1792,151.78549564846102,2023-06-03 16:00:00
1793,122.77703296548025,2023-06-03 17:00:00
1794,77.94121068726233,2023-06-03 18:00:00
1795,41.38665246886711,2023-06-03 19:00:00
1796,21.62895967803098,2023-06-03 20:00:00
1797,7.435919490324068,2023-06-03 21:00:00
1798,5.055433247038366,2023-06-03 22:00:00
1799,0.0,2023-06-03 23:00:00
1800,0.0,2023-06-04 00:00:00
1801,0.0,2023-06-04 01:00:00
1802,8.980567682594653,2023-06-04 02:00:00
1803,21.360658161424624,2023-06-04 03:00:00
1804,40.22217730840004,2023-06-04 04:00:00
1805,69.87699907930778,2023-06-04 05:00:00
1806,106.67229589330306,2023-06-04 06:00:00
1807,162.7349149252283,2023-06-04 07:00:00
1808,226.6174655217468,2023-06-04 08:00:00
1809,332.7782250957528,2023-06-04 09:00:00
1810,365.08984808364926,2023-06-04 10:00:00
1811,380.6547464438015,2023-06-04 11:00:00
1812,449.10331346126327,2023-06-04 12:00:00
1813,388.9199890860761,2023-06-04 13:00:00
1814,321.3416295499089,2023-06-04 14:00:00
1815,258.8662310229857,2023-06-04 15:00:00
1816,230.35591010614672,2023-06-04 16:00:00
1817,181.61486095164764,2023-06-04 17:00:00
1818,102.89487692997984,2023-06-04 18:00:00
1819,46.05292421708776,2023-06-04 19:00:00
1820,20.34483597370297,2023-06-04 20:00:00
1821,0.0,2023-06-04 21:00:00
1822,0.0,2023-06-04 22:00:00
1823,0.0,2023-06-04 23:00:00
1824,0.0,2023-06-06 00:00:00
1825,0.0,2023-06-06 01:00:00
1826,9.259402407857236,2023-06-06 02:00:00
1827,15.89723411705512,2023-06-06 03:00:00
1828,35.03332460385764,2023-06-06 04:00:00
1829,63.00014316083781,2023-06-06 05:00:00
1830,95.41256601814268,2023-06-06 06:00:00
1831,111.315682981153,2023-06-06 07:00:00
1832,124.5674904500706,2023-06-06 08:00:00
1833,207.7561779948604,2023-06-06 09:00:00
1834,232.0910770144949,2023-06-06 10:00:00
1835,186.0608083956328,2023-06-06 11:00:00
1836,213.8844181273681,2023-06-06 12:00:00
1837,285.46269517774385,2023-06-06 13:00:00
1838,202.5053563877753,2023-06-06 14:00:00
1839,180.8830317321004,2023-06-06 15:00:00
1840,157.47974647663096,2023-06-06 16:00:00
1841,161.49380591993378,2023-06-06 17:00:00
1842,107.5757961805939,2023-06-06 18:00:00
1843,64.34861406805652,2023-06-06 19:00:00
1844,30.24713373119681,2023-06-06 20:00:00
1845,5.952547880316388,2023-06-06 21:00:00
1846,0.0,2023-06-06 22:00:00
1847,0.0,2023-06-06 23:00:00
1848,0.0,2023-06-09 00:00:00
1849,5.066490197883411,2023-06-09 01:00:00
1850,20.11445263869712,2023-06-09 02:00:00
1851,53.65111489151303,2023-06-09 03:00:00
1852,100.77075977231118,2023-06-09 04:00:00
1853,199.9613104270232,2023-06-09 05:00:00
1854,367.3752567404287,2023-06-09 06:00:00
1855,541.4292045683587,2023-06-09 07:00:00
1856,690.547217399509,2023-06-09 08:00:00
1857,819.0890430990553,2023-06-09 09:00:00
1858,765.507639884713,2023-06-09 10:00:00
1859,769.4450467868,2023-06-09 11:00:00
1860,865.1490587529402,2023-06-09 12:00:00
1861,855.0125736808593,2023-06-09 13:00:00
1862,683.0708480067542,2023-06-09 14:00:00
1863,546.7287528972801,2023-06-09 15:00:00
1864,401.79635137801154,2023-06-09 16:00:00
1865,257.98336714967644,2023-06-09 17:00:00
1866,145.25805679827852,2023-06-09 18:00:00
1867,61.00369957959083,2023-06-09 19:00:00
1868,36.796483222107724,2023-06-09 20:00:00
1869,0.0,2023-06-09 21:00:00
1870,0.0,2023-06-09 22:00:00
1871,0.0,2023-06-09 23:00:00
1872,0.0,2023-06-11 00:00:00
1873,0.0,2023-06-11 01:00:00
1874,16.92626460010132,2023-06-11 02:00:00
1875,35.69907456837706,2023-06-11 03:00:00
1876,79.85770038594511,2023-06-11 04:00:00
1877,157.86204956221354,2023-06-11 05:00:00
1878,281.4002045233136,2023-06-11 06:00:00
1879,451.1024036319787,2023-06-11 07:00:00
1880,587.7112714187911,2023-06-11 08:00:00
1881,684.8541285574083,2023-06-11 09:00:00
1882,643.1243764861963,2023-06-11 10:00:00
1883,545.6795180993081,2023-06-11 11:00:00
1884,267.2041208651715,2023-06-11 12:00:00
1885,253.31035699022988,2023-06-11 13:00:00
1886,298.3204366818724,2023-06-11 14:00:00
1887,296.3635001756045,2023-06-11 15:00:00
1888,288.8945151581315,2023-06-11 16:00:00
1889,145.95905460173367,2023-06-11 17:00:00
1890,69.51928885494573,2023-06-11 18:00:00
1891,38.08177400368152,2023-06-11 19:00:00
1892,20.31511329311246,2023-06-11 20:00:00
1893,0.0,2023-06-11 21:00:00
1894,0.0,2023-06-11 22:00:00
1895,0.0,2023-06-11 23:00:00
1896,0.0,2023-06-13 00:00:00
1897,0.0,2023-06-13 01:00:00
1898,7.623351078819837,2023-06-13 02:00:00
1899,18.13323066691265,2023-06-13 03:00:00
1900,54.03460005677147,2023-06-13 04:00:00
1901,118.64005393119116,2023-06-13 05:00:00
1902,279.6302122999809,2023-06-13 06:00:00
1903,444.3418081262993,2023-06-13 07:00:00
1904,565.8136608295771,2023-06-13 08:00:00
1905,671.3911319171198,2023-06-13 09:00:00
1906,705.3472940778911,2023-06-13 10:00:00
1907,650.9985766382077,2023-06-13 11:00:00
1908,823.5256703067619,2023-06-13 12:00:00
1909,787.9870266300798,2023-06-13 13:00:00
1910,655.8929199014717,2023-06-13 14:00:00
1911,510.5339765989077,2023-06-13 15:00:00
1912,390.5309897376875,2023-06-13 16:00:00
1913,260.2788220586403,2023-06-13 17:00:00
1914,149.54962797736522,2023-06-13 18:00:00
1915,59.7972438279121,2023-06-13 19:00:00
1916,35.40930182264259,2023-06-13 20:00:00
1917,0.0,2023-06-13 21:00:00
1918,0.0,2023-06-13 22:00:00
1919,0.0,2023-06-13 23:00:00
1920,0.0,2023-06-14 00:00:00
1921,0.0,2023-06-14 01:00:00
1922,21.97836569756629,2023-06-14 02:00:00
1923,43.97568907492547,2023-06-14 03:00:00
1924,92.61188271590284,2023-06-14 04:00:00
1925,196.0937735197222,2023-06-14 05:00:00
1926,351.91150117538007,2023-06-14 06:00:00
1927,541.2397174819794,2023-06-14 07:00:00
1928,702.8709293276197,2023-06-14 08:00:00
1929,826.6979961786728,2023-06-14 09:00:00
1930,815.5868025417949,2023-06-14 10:00:00
1931,838.0584755356329,2023-06-14 11:00:00
1932,835.041659144925,2023-06-14 12:00:00
1933,839.8415022651654,2023-06-14 13:00:00
1934,632.9649585583682,2023-06-14 14:00:00
1935,539.3589799017903,2023-06-14 15:00:00
1936,405.477484155474,2023-06-14 16:00:00
1937,271.63142889644973,2023-06-14 17:00:00
1938,155.99440724424073,2023-06-14 18:00:00
1939,64.06690723816229,2023-06-14 19:00:00
1940,38.36092207110983,2023-06-14 20:00:00
1941,8.486174925765738,2023-06-14 21:00:00
1942,0.0,2023-06-14 22:00:00
1943,0.0,2023-06-14 23:00:00
1944,9.427465814306911,2023-06-18 00:00:00
1945,8.736852183094356,2023-06-18 01:00:00
1946,28.54362273884368,2023-06-18 02:00:00
1947,52.66995418153863,2023-06-18 03:00:00
1948,96.23237729900777,2023-06-18 04:00:00
1949,213.98524055072755,2023-06-18 05:00:00
1950,350.3409203508979,2023-06-18 06:00:00
1951,552.2641882444898,2023-06-18 07:00:00
1952,659.3034745543846,2023-06-18 08:00:00
1953,782.2839335184585,2023-06-18 09:00:00
1954,624.5538338801573,2023-06-18 10:00:00
1955,637.1892444857772,2023-06-18 11:00:00
1956,584.3003661275554,2023-06-18 12:00:00
1957,650.0846795068368,2023-06-18 13:00:00
1958,476.519724665221,2023-06-18 14:00:00
1959,394.7961846381977,2023-06-18 15:00:00
1960,277.58658718416075,2023-06-18 16:00:00
1961,163.8695759395358,2023-06-18 17:00:00
1962,113.4449719244484,2023-06-18 18:00:00
1963,64.86284942368519,2023-06-18 19:00:00
1964,21.80976503733137,2023-06-18 20:00:00
1965,15.193897493176053,2023-06-18 21:00:00
1966,8.092161958715963,2023-06-18 22:00:00
1967,7.306363844078646,2023-06-18 23:00:00
1968,0.0,2023-06-19 00:00:00
1969,5.393644381163085,2023-06-19 01:00:00
1970,12.279538056924196,2023-06-19 02:00:00
1971,23.724185113298404,2023-06-19 03:00:00
1972,50.828203579024205,2023-06-19 04:00:00
1973,89.22680541386754,2023-06-19 05:00:00
1974,139.75738585679952,2023-06-19 06:00:00
1975,215.47211336654385,2023-06-19 07:00:00
1976,254.83361783859323,2023-06-19 08:00:00
1977,252.33409313214315,2023-06-19 09:00:00
1978,294.2903933066173,2023-06-19 10:00:00
1979,472.7867752931716,2023-06-19 11:00:00
1980,577.8306381011316,2023-06-19 12:00:00
1981,716.2849634628094,2023-06-19 13:00:00
1982,663.271696455874,2023-06-19 14:00:00
1983,560.1571135444749,2023-06-19 15:00:00
1984,401.6535893211098,2023-06-19 16:00:00
1985,254.99942537614064,2023-06-19 17:00:00
1986,152.628209646174,2023-06-19 18:00:00
1987,69.96163242302595,2023-06-19 19:00:00
1988,46.25592345340158,2023-06-19 20:00:00
1989,23.913060769366552,2023-06-19 21:00:00
1990,19.59360659009684,2023-06-19 22:00:00
1991,14.96031884315039,2023-06-19 23:00:00
1992,0.0,2023-06-22 00:00:00
1993,0.0,2023-06-22 01:00:00
1994,14.704542386258083,2023-06-22 02:00:00
1995,23.354154495425064,2023-06-22 03:00:00
1996,25.991451560686983,2023-06-22 04:00:00
1997,34.82725525964088,2023-06-22 05:00:00
1998,52.19850991490142,2023-06-22 06:00:00
1999,84.43546481214861,2023-06-22 07:00:00
2000,198.85828463741336,2023-06-22 08:00:00
2001,222.4313142092758,2023-06-22 09:00:00
2002,265.7754937908828,2023-06-22 10:00:00
2003,289.7951251378422,2023-06-22 11:00:00
2004,269.41995673680714,2023-06-22 12:00:00
2005,307.016591230997,2023-06-22 13:00:00
2006,483.3545432793032,2023-06-22 14:00:00
2007,481.3706742221351,2023-06-22 15:00:00
2008,304.0436929476156,2023-06-22 16:00:00
2009,169.67678401063918,2023-06-22 17:00:00
2010,123.76866588731518,2023-06-22 18:00:00
2011,61.7322999549184,2023-06-22 19:00:00
2012,41.98948596050116,2023-06-22 20:00:00
2013,21.877239065074548,2023-06-22 21:00:00
2014,14.885033291185266,2023-06-22 22:00:00
2015,10.534447776338313,2023-06-22 23:00:00
2016,6.848010382140387,2023-06-26 00:00:00
2017,10.78556355873161,2023-06-26 01:00:00
2018,29.683151227422517,2023-06-26 02:00:00
2019,44.22622176893594,2023-06-26 03:00:00
2020,90.75770845833378,2023-06-26 04:00:00
2021,185.49233796959223,2023-06-26 05:00:00
2022,333.00691138459064,2023-06-26 06:00:00
2023,525.1774209367991,2023-06-26 07:00:00
2024,629.7380905365624,2023-06-26 08:00:00
2025,754.5419214932679,2023-06-26 09:00:00
2026,795.6032450495063,2023-06-26 10:00:00
2027,785.2277800675886,2023-06-26 11:00:00
2028,728.7986087631239,2023-06-26 12:00:00
2029,764.0350979874127,2023-06-26 13:00:00
2030,591.0321734986858,2023-06-26 14:00:00
2031,469.2725084748212,2023-06-26 15:00:00
2032,410.94599093916577,2023-06-26 16:00:00
2033,261.97945869983465,2023-06-26 17:00:00
2034,143.4529549926155,2023-06-26 18:00:00
2035,71.4046314085798,2023-06-26 19:00:00
2036,53.78032481596267,2023-06-26 20:00:00
2037,23.975393243992077,2023-06-26 21:00:00
2038,17.490654230344205,2023-06-26 22:00:00
2039,15.47476546479828,2023-06-26 23:00:00
2040,13.495505040199076,2023-06-28 00:00:00
2041,12.73696358272798,2023-06-28 01:00:00
2042,27.89252145319193,2023-06-28 02:00:00
2043,49.424618375715056,2023-06-28 03:00:00
2044,96.93030425741962,2023-06-28 04:00:00
2045,167.52963288595168,2023-06-28 05:00:00
2046,333.1361934320849,2023-06-28 06:00:00
2047,530.4891703655944,2023-06-28 07:00:00
2048,637.7199187006015,2023-06-28 08:00:00
2049,724.4606663975255,2023-06-28 09:00:00
2050,842.2679200219741,2023-06-28 10:00:00
2051,863.9462692896157,2023-06-28 11:00:00
2052,839.046280506084,2023-06-28 12:00:00
2053,802.236670548481,2023-06-28 13:00:00
2054,632.0574145706285,2023-06-28 14:00:00
2055,403.1686382709937,2023-06-28 15:00:00
2056,302.09600382581505,2023-06-28 16:00:00
2057,187.97361412868923,2023-06-28 17:00:00
2058,142.49443813879603,2023-06-28 18:00:00
2059,82.82102882813295,2023-06-28 19:00:00
2060,43.04645069138405,2023-06-28 20:00:00
2061,26.53876668901489,2023-06-28 21:00:00
2062,20.90454805713739,2023-06-28 22:00:00
2063,16.481623350840664,2023-06-28 23:00:00
2064,0.0,2023-06-29 00:00:00
2065,0.0,2023-06-29 01:00:00
2066,10.357664437655728,2023-06-29 02:00:00
2067,33.46655669553331,2023-06-29 03:00:00
2068,51.89313594934339,2023-06-29 04:00:00
2069,65.42109231468436,2023-06-29 05:00:00
2070,70.57341797255714,2023-06-29 06:00:00
2071,85.6191088258016,2023-06-29 07:00:00
2072,122.7900566891182,2023-06-29 08:00:00
2073,210.7205328801156,2023-06-29 09:00:00
2074,376.9313422143791,2023-06-29 10:00:00
2075,169.89614770087533,2023-06-29 11:00:00
2076,196.45693014400413,2023-06-29 12:00:00
2077,209.12351664206847,2023-06-29 13:00:00
2078,138.7293433508611,2023-06-29 14:00:00
2079,189.09888764434697,2023-06-29 15:00:00
2080,129.45346897227012,2023-06-29 16:00:00
2081,82.55308660438605,2023-06-29 17:00:00
2082,47.15451210556256,2023-06-29 18:00:00
2083,20.15779566986066,2023-06-29 19:00:00
2084,5.480050668199851,2023-06-29 20:00:00
2085,0.0,2023-06-29 21:00:00
2086,0.0,2023-06-29 22:00:00
2087,0.0,2023-06-29 23:00:00
2088,0.0,2023-06-30 00:00:00
2089,0.0,2023-06-30 01:00:00
2090,0.0,2023-06-30 02:00:00
2091,5.077872419852895,2023-06-30 03:00:00
2092,8.29909349607044,2023-06-30 04:00:00
2093,19.99257463395861,2023-06-30 05:00:00
2094,41.0059204627924,2023-06-30 06:00:00
2095,81.69953009823884,2023-06-30 07:00:00
2096,100.57780009748912,2023-06-30 08:00:00
2097,112.4467548382486,2023-06-30 09:00:00
2098,158.7040171147886,2023-06-30 10:00:00
2099,128.5945373597899,2023-06-30 11:00:00
2100,133.3828407476559,2023-06-30 12:00:00
2101,208.6148646956819,2023-06-30 13:00:00
2102,184.5785315323483,2023-06-30 14:00:00
2103,200.47429532246127,2023-06-30 15:00:00
2104,140.2258646838116,2023-06-30 16:00:00
2105,109.67629987125405,2023-06-30 17:00:00
2106,77.07415318338154,2023-06-30 18:00:00
2107,30.97201893952547,2023-06-30 19:00:00
2108,13.026186581145282,2023-06-30 20:00:00
2109,0.0,2023-06-30 21:00:00
2110,0.0,2023-06-30 22:00:00
2111,0.0,2023-06-30 23:00:00
2112,0.0,2023-07-02 00:00:00
2113,0.0,2023-07-02 01:00:00
2114,11.360752401175262,2023-07-02 02:00:00
2115,42.5609152873204,2023-07-02 03:00:00
2116,78.77722986053769,2023-07-02 04:00:00
2117,180.4352412935849,2023-07-02 05:00:00
2118,251.24390810356215,2023-07-02 06:00:00
2119,456.036483904972,2023-07-02 07:00:00
2120,535.1582703321956,2023-07-02 08:00:00
2121,686.9256605777714,2023-07-02 09:00:00
2122,732.9412583866176,2023-07-02 10:00:00
2123,596.9650196492712,2023-07-02 11:00:00
2124,606.4043546807743,2023-07-02 12:00:00
2125,613.1344359448519,2023-07-02 13:00:00
2126,454.4569481386911,2023-07-02 14:00:00
2127,343.0921827311161,2023-07-02 15:00:00
2128,241.47347318737087,2023-07-02 16:00:00
2129,193.8851530552893,2023-07-02 17:00:00
2130,121.82513816940812,2023-07-02 18:00:00
2131,58.77962210870217,2023-07-02 19:00:00
2132,25.69253660299665,2023-07-02 20:00:00
2133,5.351493014237462,2023-07-02 21:00:00
2134,0.0,2023-07-02 22:00:00
2135,0.0,2023-07-02 23:00:00
2136,0.0,2023-07-03 00:00:00
2137,0.0,2023-07-03 01:00:00
2138,7.117895794433451,2023-07-03 02:00:00
2139,21.564608188135168,2023-07-03 03:00:00
2140,55.07454850801517,2023-07-03 04:00:00
2141,51.22928390369438,2023-07-03 05:00:00
2142,78.57158964606276,2023-07-03 06:00:00
2143,105.87187086689993,2023-07-03 07:00:00
2144,222.53543054073288,2023-07-03 08:00:00
2145,291.50451987155327,2023-07-03 09:00:00
2146,402.8328619871917,2023-07-03 10:00:00
2147,517.2429463482829,2023-07-03 11:00:00
2148,555.6701435807963,2023-07-03 12:00:00
2149,521.2900542866273,2023-07-03 13:00:00
2150,273.2605318159268,2023-07-03 14:00:00
2151,254.60335829328943,2023-07-03 15:00:00
2152,172.3346557341627,2023-07-03 16:00:00
2153,142.58875794882488,2023-07-03 17:00:00
2154,106.34103902276824,2023-07-03 18:00:00
2155,47.70388648791126,2023-07-03 19:00:00
2156,28.5428349850998,2023-07-03 20:00:00
2157,0.0,2023-07-03 21:00:00
2158,0.0,2023-07-03 22:00:00
2159,0.0,2023-07-03 23:00:00
