id,predict
0,-0.7183644902723163
1,-0.7124829514287399
2,-0.5365675191544064
3,55.007279930921
4,324.3815064774626
5,945.14234735617
6,1729.9197454740372
7,2696.073959447133
8,2809.252491637156
9,2312.357563138597
10,2809.9663530657235
11,2659.4969602510623
12,2456.074306686482
13,2274.7603950768066
14,2175.9480138927083
15,1705.310618297344
16,1062.216781353807
17,578.8422513737183
18,167.00711616024466
19,15.60576718728386
20,-0.395063025223731
21,-0.3496012864848214
22,-0.5578684427240219
23,-0.6661848974931619
24,-1.0030574538403894
25,-1.6010700859253042
26,0.2935314628630543
27,227.7777657428601
28,609.0154637962047
29,1255.7808245230117
30,1904.734422645244
31,2697.4342099638284
32,3658.7615079424777
33,3681.335510852215
34,3493.6384611700582
35,3422.241020580429
36,3176.976878417697
37,3275.1092369349867
38,2856.2160818192856
39,2371.873922648625
40,1836.5415983016967
41,856.503882015331
42,400.61459166867127
43,74.8640646618134
44,-2.768721051231364
45,-1.70646891464885
46,-3.495004537353976
47,-2.1178887124700925
48,-0.202178820505738
49,2.204127662129647
50,33.88092900568245
51,405.8297790836869
52,701.1458517049251
53,1350.5858997155678
54,2547.764600666944
55,3855.9857961753514
56,4383.946923719251
57,4666.084373633173
58,4727.511306925754
59,4746.911014342367
60,4437.805128182614
61,3982.025121977448
62,3290.8668435230484
63,2060.943162300041
64,1260.2830181778832
65,751.9613024981759
66,455.4822629830297
67,130.07194697458735
68,3.232120239682299
69,-0.3722058606666536
70,-0.3721905520679378
71,2.256730826143613
72,-1.1521375391513882
73,-1.1609016623073811
74,14.412961544506231
75,135.08880871572916
76,488.9749434601173
77,995.0075594743428
78,2308.403658799658
79,3122.695996727032
80,3824.629738486617
81,3849.805516293256
82,3400.961968043162
83,3258.0568637958213
84,2985.896577871614
85,2615.051685455573
86,3288.432830371496
87,2785.257212887888
88,1780.2118314272082
89,726.9288447357656
90,237.55391409523517
91,148.2750512088006
92,9.789537717086514
93,-1.1589201547229742
94,-1.141829588443148
95,-1.6184361653255035
96,-0.210205924040661
97,0.0909326845430289
98,78.55759525484935
99,292.9425777243562
100,771.6528416067348
101,1392.8139236703175
102,2697.74621448042
103,3495.814274557425
104,4342.206747858708
105,4457.227786918489
106,4750.981738539633
107,4525.897734548184
108,4379.643375706517
109,4058.7681856429017
110,3434.1379162675908
111,2872.416353764435
112,1912.0899821408784
113,1078.718304000758
114,489.1684285302154
115,222.97438427617695
116,18.272366091428463
117,2.435496829425885
118,-1.6514413536281136
119,0.4139805977703688
120,0.1159716866265938
121,2.9511726999533643
122,116.96628699157272
123,223.8244745762088
124,726.6765540247605
125,1797.6482235193123
126,2486.5902516933534
127,3602.969483585357
128,3983.423915596778
129,3574.5410189524555
130,3498.0810961608845
131,2677.65552274768
132,2145.7191572622173
133,3446.3405199382146
134,3142.258990717773
135,2287.71971056146
136,1670.1991506065058
137,881.1846753487998
138,565.2126951792263
139,205.19082996429515
140,22.021225830034123
141,-0.9696897445856524
142,-1.1377725106187455
143,-1.3283063096475036
144,-0.9240554249770624
145,2.252894664419294
146,119.13038954951963
147,212.8772322103207
148,720.3461708755528
149,1908.4423103165
150,2397.4290241970407
151,3625.999698618028
152,4190.605588962911
153,4765.616800818921
154,4557.155485808391
155,4619.435722923825
156,4373.747922106899
157,3495.7657864113703
158,3336.2109390309583
159,2322.4060760586226
160,1750.9438315690554
161,911.1508613280248
162,469.398884820858
163,191.196356258459
164,7.988389672276803
165,-0.6703599444441135
166,-0.4694740515314564
167,-0.7495743663725705
168,-0.6051248541703877
169,0.2767104762594918
170,13.159277502179885
171,93.36905783111015
172,155.58793460302465
173,264.9981046871925
174,350.5577112081964
175,510.2709945863709
176,668.177380993284
177,676.7870716311974
178,681.2003347466622
179,1613.221146496263
180,1795.5631954907797
181,2273.5621412122773
182,2066.472786206051
183,2069.132511298494
184,1217.343792648333
185,758.5335719260034
186,300.32151362960883
187,157.58923284603216
188,15.765034753669518
189,-0.154578491199123
190,-0.6348859222537993
191,-0.6262223431265745
192,-0.744332284651426
193,1.6294253154331226
194,47.617081944399146
195,146.9158327694479
196,536.9980999114097
197,1037.433826842523
198,1482.1709321759702
199,1964.0100897373009
200,1844.1121487290304
201,1971.796784065266
202,2319.751291327496
203,2431.7211975084147
204,2448.4755561575
205,2413.506586510209
206,2145.9774831244977
207,1437.43082089281
208,1009.0418828972668
209,531.793700532242
210,317.1722076621777
211,40.506852673685245
212,4.537425499721763
213,0.5961140717088647
214,1.260359489202715
215,0.2241516408777766
216,-1.1519340916939775
217,0.0027406395454878
218,20.3107669167719
219,137.2859051276309
220,181.82816207315707
221,297.0051619866241
222,704.3670931089017
223,1232.1889526579207
224,2336.3393151914784
225,2287.976277298575
226,1890.1832400790204
227,1892.2010863977723
228,1270.7188730999176
229,950.0879755995232
230,936.5209340342448
231,866.996767533882
232,633.5490246546639
233,335.82920556668927
234,246.49637565162493
235,65.86450970418481
236,8.309990637145393
237,-0.4579864530590694
238,-0.1109987568525685
239,-0.5401600433091307
240,-0.6233804333405129
241,-0.2824182226532166
242,23.135191976632488
243,129.07818119618292
244,325.497437722918
245,1134.9888267730953
246,1442.0926301207835
247,2035.1941547398592
248,1936.0902083013395
249,1288.9602729183043
250,1171.600718041016
251,1266.5758506545064
252,1713.8027884184949
253,1690.671082106879
254,1832.7076527397944
255,2255.686621784017
256,1348.6899406371929
257,1025.7410328201988
258,470.7000407087668
259,236.19966291545504
260,73.9990586499429
261,-0.970238555281444
262,-0.165038523177067
263,-0.4242720726981428
264,-1.053604562097128
265,1.9940961181897092
266,65.97400143645622
267,154.11663807153357
268,485.57072533590514
269,1036.2513138484765
270,1188.9512512466315
271,1141.3046828057184
272,1131.3172911667004
273,1253.0163274826607
274,1303.9094198007715
275,965.2290579386816
276,1086.042186428951
277,635.1011226689723
278,821.7352331020427
279,849.9978828091661
280,631.6511118309603
281,450.7055320688948
282,258.56862641694914
283,96.90395493241944
284,17.73865792616998
285,0.0230851426763916
286,1.6275127474908615
287,-0.2420480827708822
288,-1.8939931556789864
289,3.960058692234689
290,105.63787174040746
291,160.4116633847149
292,427.41210480986575
293,878.6492600994007
294,1391.594255876146
295,1821.7017521969155
296,1909.451347631993
297,2099.3447777249644
298,2574.561602944264
299,2283.688096490604
300,1628.3955600060488
301,1245.0680373323264
302,1595.466165510452
303,1471.6320018525205
304,957.7098588216782
305,819.0837309762317
306,466.0065937182642
307,177.44077533580756
308,46.814787520713125
309,0.0582688680092786
310,-0.7932653895316868
311,-1.4248003710463308
312,-1.749903908106749
313,2.832579176781662
314,37.96983863912404
315,275.0961572826231
316,597.3256856237259
317,1157.8806798557437
318,1228.2519126000282
319,1889.8709958327029
320,3007.459085077523
321,3086.650291503165
322,2894.359227922582
323,2494.205839063466
324,2157.2710280769056
325,1477.1117110396108
326,1157.016903497218
327,743.9466106402426
328,581.9950156520354
329,347.92515624409987
330,246.0370856913305
331,113.062885757429
332,14.336518735799778
333,-0.4761086119080477
334,-0.7843125757091105
335,-0.8618585328445931
336,-1.0452766592544354
337,2.6710679857391177
338,19.90059545075225
339,129.76597898851017
340,288.6217556092757
341,575.8842464001087
342,896.0045311592254
343,1237.0671572213828
344,1416.1028857327578
345,1686.2518324660614
346,1385.5528800493305
347,1610.1628002820655
348,1461.2494698831383
349,1187.5454386561223
350,1277.0327090198266
351,1263.708316511618
352,878.3106391677496
353,661.8747328802276
354,289.1730144356766
355,181.5343466272853
356,35.958221644169925
357,-0.3841990951395022
358,-0.8781536012272042
359,-0.9991399644889718
360,-0.6901821209653249
361,2.9962579267046863
362,36.563630070140704
363,150.33486440079326
364,382.4266046439493
365,576.9802920417891
366,992.6831583611968
367,1240.5025793360685
368,1758.4013386448985
369,1809.5149078695729
370,1678.225453008794
371,2184.26614571518
372,1945.900967768842
373,1429.5797565378275
374,1282.9611336422684
375,937.2704217290031
376,1072.177621230171
377,720.8248294468175
378,590.4753535636552
379,104.9415530512156
380,22.58446856019456
381,-0.7850390886692136
382,-1.03615849448315
383,-1.0849789644352743
384,-1.0308691037739344
385,2.8163174713221064
386,40.55121367264958
387,145.67360457720727
388,269.87938972266073
389,631.8445706884905
390,551.7879080015293
391,880.037674706824
392,1008.5910177441416
393,1350.2038467280083
394,1480.4765096196834
395,1479.8525651200368
396,1660.44217886735
397,1188.5956318632172
398,1319.3222978870024
399,1174.216778693652
400,1095.0201645974876
401,810.0863050333254
402,498.9758787228244
403,200.81424209133576
404,59.26878789001088
405,1.9193967252093884
406,-0.3220531224299421
407,0.0730696132611754
408,2.0170213354077298
409,21.73145880083576
410,213.6197735280452
411,468.8470276761354
412,1050.6119261037986
413,2050.258001091728
414,2682.471364847412
415,4093.942840606192
416,4394.504826925827
417,4809.196615568816
418,4499.165567834551
419,4769.871930355575
420,4671.874267226991
421,4204.047386705725
422,3562.356651113741
423,2980.2286225757634
424,2283.2222000363954
425,1427.289271070359
426,625.021119917287
427,319.1485505602972
428,140.87012528288108
429,-4.351945309144756
430,0.0167784838288103
431,5.57666425440226
432,0.7014091982031658
433,17.37336960448535
434,221.87204004724995
435,375.6777894568692
436,587.4363295809652
437,1457.2882480110347
438,1905.1091700716995
439,2990.401801819432
440,3758.723956883948
441,4452.465083718744
442,4055.223841800751
443,2953.6499685917715
444,1314.5121955268005
445,773.0732510328686
446,875.3967542951493
447,1229.041016245132
448,1670.0685669730303
449,557.5557554961961
450,306.5396375622821
451,162.9839413519097
452,39.43189093722661
453,5.39923404135099
454,0.9329655639165146
455,4.885889735798791
456,-0.8335102795895004
457,6.105916886999037
458,81.07071934864278
459,149.7998441726127
460,460.3792003396106
461,1159.7595895503516
462,2067.090444479684
463,3230.810772557052
464,3980.358639946863
465,4012.9974416463847
466,3943.417647709056
467,3959.562358340268
468,3953.302031376617
469,3946.741387195626
470,3420.6041046140854
471,3062.5926072672755
472,2104.094669512798
473,1182.5710892525465
474,608.0446593985981
475,345.22530999588514
476,107.24521671657916
477,2.114627688410305
478,-0.9559798357139472
479,2.7688507130458664
480,0.7193827343769961
481,-6.882229541995868
482,152.89300076404123
483,351.48459592464286
484,695.6343049027681
485,1705.059079766308
486,2471.826399091658
487,3847.903182507648
488,4152.6620381149205
489,4474.831270012756
490,4521.1967666701885
491,4451.000874856504
492,4427.362901841251
493,4303.832280388816
494,3582.549808661514
495,3010.205458031689
496,2230.335239719561
497,1284.2643602124526
498,644.7137189393316
499,362.70522964485366
500,129.34111008190254
501,10.171441315410435
502,1.6374863740206802
503,7.951003040044043
504,1.6563109996383414
505,13.276463699826362
506,128.8722989938143
507,342.45151369473166
508,678.0664472382622
509,1272.47819295235
510,1981.3454792411303
511,3420.8976977818365
512,4255.734762501779
513,4817.85027673099
514,4707.734837072987
515,3979.312936719165
516,3029.668310350221
517,3397.6938661818267
518,2947.3611881431843
519,1849.9091918245167
520,1281.0516522291173
521,792.4629633748661
522,500.5023392642237
523,281.2165219215996
524,79.8087437003233
525,-0.9831440523529338
526,-4.177960175830176
527,-0.8323191621706361
528,0.4575037135843018
529,2.3654494255209397
530,62.48790176455094
531,188.24539039123104
532,287.9049358196284
533,663.83619944249
534,908.295142861655
535,1133.288735612697
536,937.001458319038
537,630.538235984378
538,1154.936806233158
539,2662.9427921692145
540,3079.507696136205
541,3439.5339935184734
542,3190.60106494707
543,2551.684654863885
544,1855.614114566296
545,1018.1540089602546
546,416.9158203007968
547,342.6398594480626
548,70.49933295423945
549,0.3047353681490392
550,6.203843875372542
551,-7.120632528084587
552,1.4586289310742495
553,3.027976335158421
554,27.759377577362205
555,137.97077354720923
556,147.58865371956873
557,265.34959840378406
558,354.1480459887417
559,736.8255048314447
560,1472.2014137563517
561,1515.0035812793346
562,1493.7056499880744
563,1356.4034556155516
564,1193.2719287973714
565,1276.8192560397756
566,2357.124990051671
567,2668.897548227726
568,1653.191718813886
569,1005.1285958787942
570,507.9370099872578
571,254.8540935266812
572,61.93313235936151
573,8.481428604758882
574,2.384118563967686
575,-1.0126953632645108
576,-0.7094792330957915
577,33.39160600639593
578,129.04031307027782
579,353.42191093971496
580,657.9764987201722
581,1376.519388313556
582,2336.045191708941
583,3151.3695744538563
584,3635.2004813219646
585,3932.817044340911
586,3910.360696995189
587,4126.570777127052
588,3790.656640558101
589,3347.628215772328
590,3027.352325869839
591,2210.525287953856
592,1380.1958290436048
593,774.9579990890223
594,273.1509290296735
595,221.4638299580765
596,54.30794041611007
597,-18.41230330853509
598,-4.730378648970978
599,-16.709631803164044
600,-0.3900672964892031
601,17.94174678932715
602,100.23297691408216
603,282.2707178684939
604,628.2809258276118
605,1245.863672700791
606,2100.8725897376057
607,3341.009800932989
608,3772.1180786519226
609,4072.012056187836
610,4190.971599154117
611,4345.9961926617
612,4328.134867591834
613,3975.513983486112
614,2878.636753254587
615,2207.644118040072
616,1337.109160956596
617,880.8545688154371
618,523.3852446569845
619,345.45909927922975
620,91.99223364327756
621,13.261142459868044
622,5.340653112519693
623,5.754124270432676
624,-3.412722716505323
625,6.719985893938134
626,99.37984110980445
627,222.6225472074157
628,447.7506416901784
629,645.7745563557284
630,924.0772488777257
631,1106.3799731306628
632,1032.8479909666914
633,1404.6413113678202
634,1829.5080394938373
635,1289.2705465148451
636,1144.3539602761468
637,908.9578341956422
638,840.7918310889019
639,822.792885449286
640,511.795562812401
641,355.3557743399698
642,136.77214026955934
643,79.8404765957362
644,14.65144732088972
645,4.627909681674968
646,2.388397325555744
647,2.2707130446350927
648,6.134314073008969
649,8.29548819735458
650,43.27723552829264
651,111.68780487575044
652,111.04391928935846
653,258.46546364154034
654,288.6798599598316
655,669.0801091643956
656,513.6119157113839
657,516.3504393647726
658,529.0703257277185
659,726.5287467674605
660,924.530167939663
661,922.4530732664178
662,743.0900817919295
663,780.2872925630793
664,751.6612687297943
665,434.38308219444775
666,240.26261930117076
667,117.8181747854424
668,35.8233955439225
669,2.1889026849143214
670,-0.4217105544733623
671,2.7822709764567914
672,-2.5187310025646905
673,12.711359434551085
674,126.99892150633794
675,292.7434587203809
676,535.628403934551
677,1051.773994290323
678,2490.980999698273
679,3149.64977658451
680,3070.5793885601283
681,3922.644758541976
682,4197.658362455109
683,3759.792735455994
684,3255.79541436424
685,2973.3560904059573
686,2606.695810516218
687,1800.696871783351
688,1090.812159392341
689,845.2367450570664
690,342.7054710241472
691,301.03063904636963
692,82.58997762712634
693,-13.346368845459308
694,-3.7336346069702913
695,-3.5472735671705298
696,6.267711082336358
697,8.63165014768229
698,56.84629305563635
699,213.98737294851296
700,266.2599580754264
701,391.4601879714117
702,510.1835117582369
703,583.0484474907291
704,1632.0312560409268
705,2649.1729585995654
706,3002.714083270288
707,3340.193140501008
708,3308.8762139616
709,2927.2468364900096
710,1673.0307575301572
711,1274.900449591206
712,926.7556760306292
713,471.2119640480185
714,348.5680076673358
715,253.774014443528
716,84.94333184770589
717,7.437175731122455
718,1.0432974897969842
719,4.207303401579184
720,"0        1.270718
1        1.278833
2        1.456977
3       61.136754
4      337.580793
          ...    
715    267.976297
716     91.853144
717     10.440871
718      3.627841
719      8.069477
Name: predict, Length: 720, dtype: float64"
721,-0.1228374845242779
722,-0.1228374845242779
723,-0.1228374845242779
724,6.286376554337006
725,36.96608647388554
726,124.20652862851703
727,244.11846206248023
728,309.4165926211418
729,396.6024071605893
730,548.1491308032333
731,512.4219646668913
732,480.92058122852393
733,397.7541232629388
734,414.4801581385768
735,372.1283425408445
736,189.723005362876
737,140.1913692696459
738,66.15069698059214
739,29.303857224478516
740,6.522891434806101
741,-0.0525423248517094
742,-0.0884514615297606
743,-0.0658042814331467
744,-0.1457959528786014
745,-1.4460321237035252
746,-0.1282846898690437
747,-0.1170868159825362
748,14.875046669723464
749,83.44501190657954
750,222.97520098581936
751,192.4115635368091
752,434.8840978055107
753,561.1437943000537
754,703.6546129762795
755,676.1676584108956
756,728.7371917936937
757,620.6619815506494
758,584.150944055912
759,522.5774301641617
760,364.1693576399309
761,260.07204512901683
762,135.99229250749377
763,54.963979093428414
764,9.59727330763022
765,-0.0520622509435644
766,0.0034502013244721
767,-0.073524902303824
768,-0.8638414448710494
769,-0.8406101396050231
770,-0.0410437493679418
771,0.614837990583214
772,39.40145436476434
773,135.47114234956393
774,245.96099980093493
775,417.2582724098729
776,553.1075634298753
777,641.5475749755759
778,929.3796604679048
779,987.7272160646042
780,924.75524169525
781,899.3864227393278
782,722.4509137456488
783,567.1947900755079
784,416.01085090945327
785,271.6902658488073
786,161.46430532448483
787,76.663967541611
788,16.557609912676863
789,0.0331346489914987
790,-0.0953959847541028
791,-0.2060361443280061
792,-0.0936095828812706
793,-0.0384809341789136
794,-0.0348462442596493
795,0.8950047418375342
796,26.49860250889141
797,106.5785120257881
798,236.10265690676576
799,488.8016010486643
800,669.9293424420949
801,640.0560301969817
802,648.7019536008761
803,710.5930688731513
804,687.2510166695366
805,614.2087239874375
806,489.78686875613386
807,554.5835949736229
808,494.3433944634881
809,308.5550823120991
810,155.4242380722074
811,64.09322173156664
812,18.16228046937251
813,-1.9762085067509592
814,0.670205673909539
815,-1.3466053265220057
816,-1.3296362717180854
817,3.357606292941562
818,3.346100078432092
819,7.080970213641703
820,53.60645088343329
821,130.09786026466125
822,264.3171408622183
823,458.2886188901268
824,639.6309924129927
825,737.046131548919
826,823.2400562840586
827,942.5866960288384
828,1018.9399660643572
829,964.1640874432588
830,827.2167714469136
831,686.0641894188526
832,525.3985548788365
833,331.9511945568198
834,163.82467721908228
835,89.8021736990215
836,33.587414795248726
837,1.3686073064801336
838,1.3678094545190471
839,-1.645374368649823
840,-0.0771180026459923
841,-0.387639707740999
842,-0.0684770146089395
843,7.365372950637995
844,56.22671009085225
845,152.23611686254935
846,295.78022411686595
847,510.1356940607412
848,577.857484593011
849,689.2682238322046
850,704.514317374381
851,709.6240393689478
852,713.0201190543194
853,627.2443611108739
854,779.7587194937338
855,631.263484584642
856,476.8813140544708
857,342.70833702626294
858,171.55550650466148
859,97.6471942646485
860,31.91943704155776
861,1.4394563416684316
862,0.7245228054590822
863,-0.0875099395878702
864,-0.7994986096034313
865,-0.2293348028099385
866,0.2165301119654037
867,9.228139565717145
868,65.35867915820157
869,168.6764682883176
870,319.84277150687075
871,561.7480112294929
872,687.5975239938092
873,805.3944544571392
874,933.2945581078848
875,935.5827766072574
876,893.4173162668933
877,818.0273614987964
878,735.4034028707953
879,638.0249166652145
880,483.87074352387936
881,299.53522154101086
882,181.76211942475447
883,96.36252109942204
884,31.965827574361025
885,1.8552921858081424
886,0.3057943514039245
887,0.4313627166585427
888,-0.0244060334153743
889,0.0416960988017502
890,-0.0175631244568119
891,2.0567361711264427
892,9.115816958344162
893,19.84213522802316
894,60.59736125998493
895,78.00420816167593
896,124.14837999308064
897,146.9451906859335
898,168.41319782236104
899,203.32620648150063
900,324.0177712982734
901,353.62066649164694
902,486.65728380444375
903,434.6685390586522
904,390.1292129837837
905,216.0976860475689
906,136.0598191428371
907,79.32837103266186
908,27.951075585865272
909,2.382282225925729
910,0.0560582854031002
911,0.0195413269462039
912,-0.090294288995403
913,-0.1091247780629867
914,-0.0964756219812017
915,6.503239137209493
916,34.81762096184247
917,81.18562007088744
918,199.56742502452832
919,248.22253014430467
920,386.2201714950172
921,281.48338089939455
922,265.8610570049711
923,318.1441151560745
924,370.7737875487065
925,422.7468386812528
926,380.3249972042211
927,324.7549112887537
928,234.90005651280063
929,153.9748227083452
930,94.27521812361029
931,54.59172414059023
932,6.824140780264844
933,0.3708239618887132
934,0.2235691636311567
935,0.1002982016786127
936,-0.0805553423969891
937,-0.1069612650634472
938,-0.0957633893559068
939,3.9745377683967344
940,19.274283590753768
941,28.93197139955239
942,57.1764452248577
943,116.8408667100182
944,229.8913074798117
945,427.3232841352212
946,412.37850900912537
947,418.93862188623854
948,486.8052509492735
949,308.3043053472231
950,226.259022094245
951,222.5254972015241
952,174.54476626639982
953,104.1936066886926
954,52.69909776794504
955,47.47418432927044
956,17.15389464819262
957,2.6287181274878577
958,-0.0135794062661751
959,0.6114466998475918
960,-0.1351649948679985
961,-0.1205605044458208
962,-0.0939398463004645
963,2.070396291578013
964,19.117248291157843
965,63.44828602143578
966,161.1355081835217
967,253.4685340173394
968,418.7719814464584
969,357.9460967027468
970,272.58792614120307
971,256.9159214332992
972,277.63291894820543
973,423.3731316524947
974,375.4231358111972
975,336.409485434069
976,295.76758920153253
977,228.5004174700461
978,145.6605035878245
979,97.02366492371598
980,33.39663430607177
981,9.505958026775126
982,0.0006889108637304631
983,-0.05635612192242
984,-0.1276500713368487
985,-0.0116096100369456
986,0.0420372144222072
987,9.56279302341449
988,44.46634829557104
989,120.243839154436
990,210.58722488283505
991,196.8479153715548
992,221.5617601041889
993,353.48870239197294
994,412.4143870666868
995,506.56664489503606
996,482.5826767755049
997,429.2108849631987
998,351.24323542798834
999,277.0234015858364
1000,161.60338290354656
1001,147.04634351555433
1002,90.7575297865188
1003,48.07148942360545
1004,16.462520992303705
1005,4.949739787337007
1006,16.836345507362644
1007,6.309874365237307
1008,-0.0457697162966739
1009,-0.0389885626385606
1010,0.0940336914446617
1011,12.932271648944784
1012,43.54211391538404
1013,100.55741015191418
1014,152.81772812909404
1015,253.8636345311335
1016,251.20842049679672
1017,349.2527558679423
1018,439.4576574413477
1019,368.9238191145252
1020,347.083230851994
1021,419.36793718301374
1022,391.00173347662
1023,323.50287907209656
1024,225.0258642140648
1025,150.91568044530314
1026,133.6422548998321
1027,62.66893454736398
1028,33.92105326051474
1029,4.438539546519368
1030,0.1268052061707962
1031,0.6813841935004532
1032,0.0375447142355527
1033,0.0177389269675709
1034,0.3742794833050842
1035,7.960729883365713
1036,43.10360384004137
1037,104.71744699960811
1038,196.95607744337775
1039,247.1703627613016
1040,226.9930133766698
1041,518.9086156897565
1042,578.3853731642071
1043,701.5673017078653
1044,570.4205294484009
1045,527.1611574350436
1046,385.40703438589344
1047,260.6135704402424
1048,207.9436573284741
1049,137.68723407055094
1050,57.02115859454463
1051,37.13543619126592
1052,16.881404763972846
1053,3.887088813087343
1054,0.6124265723827735
1055,2.0698452979972566
1056,-0.0358688073579473
1057,-0.218419941997171
1058,-0.1136276843232599
1059,3.1976442620336387
1060,16.454649773241925
1061,55.52625133237378
1062,127.13629604174363
1063,130.77423265139277
1064,194.18641782262347
1065,237.64393120382115
1066,312.1516882743676
1067,295.1765024806507
1068,333.95872704583843
1069,308.56736421963194
1070,285.8573527220065
1071,251.48377608481456
1072,233.1313237944753
1073,113.80916694450748
1074,98.02994160201638
1075,53.02739346021688
1076,29.223229054761816
1077,4.936802746170931
1078,0.3615179212390913
1079,0.2821905057843135
1080,-0.0265062293656481
1081,-0.0337294286096172
1082,0.4507130383033044
1083,4.8893109278476325
1084,38.637186175102215
1085,82.47730325099623
1086,118.56894684063757
1087,137.00946895175554
1088,214.60007606715428
1089,415.0818556582761
1090,522.9736920984618
1091,602.5110159685687
1092,591.5198735490902
1093,638.5382183868007
1094,503.6740112772354
1095,300.9881338430324
1096,212.4114947017449
1097,215.3386958069716
1098,183.43289320511303
1099,86.04196260252473
1100,27.59035802562165
1101,4.384191024289651
1102,0.2720510173761947
1103,0.2316581293901163
1104,-0.0273331800245753
1105,-0.2471195087144092
1106,-0.1204361714782671
1107,3.717229947119032
1108,23.92570784221743
1109,55.16438340409686
1110,89.48681020371971
1111,125.89966418655528
1112,191.04414000278015
1113,215.3117404067809
1114,239.82172497092623
1115,268.7079422550683
1116,324.1401342484712
1117,319.47738469359234
1118,341.2243397467528
1119,282.2571547554997
1120,185.94900000056649
1121,136.5084857929657
1122,149.53370202655307
1123,117.24733041917656
1124,45.51660130155601
1125,11.126716102824243
1126,3.3985716798701526
1127,0.4492159129414736
1128,-0.0134931163552469
1129,-0.1159516537403304
1130,0.501090592638952
1131,25.00847022058836
1132,86.18163742451641
1133,183.32436067467472
1134,376.2076928090801
1135,583.6874538731302
1136,781.0719634257271
1137,916.1869202036656
1138,1000.0153558411444
1139,1037.072210115294
1140,1010.0410056659098
1141,1007.130944036012
1142,919.325316519246
1143,713.0541196858254
1144,524.1416154331733
1145,405.7099773452903
1146,269.15775292480106
1147,149.6726040460054
1148,62.59990459733287
1149,14.106473698694623
1150,-0.0975959390212486
1151,0.5294965657036412
1152,-0.1596435197475796
1153,-0.1960556679690019
1154,0.8757038096544711
1155,27.5233119576509
1156,96.5800312125198
1157,134.53914823572487
1158,284.86959861382724
1159,441.09603419970153
1160,600.5217766938912
1161,701.2322789802848
1162,793.6268056110736
1163,817.1495864676693
1164,580.4437489372456
1165,489.7344299358562
1166,376.0453391421187
1167,349.62174417673015
1168,335.29497539465586
1169,238.7598325520289
1170,163.5171713378044
1171,85.40593216868601
1172,41.14256255672217
1173,5.271092996754353
1174,-0.018603645886053
1175,0.5280719337072171
1176,-0.1562574668724912
1177,-0.2180092981529868
1178,0.1202286852094449
1179,13.607862692483916
1180,55.505960520724834
1181,116.1004535846627
1182,263.43715972307075
1183,428.7030311946775
1184,540.6238447992323
1185,718.9198774981758
1186,838.6195555350914
1187,909.4810753399736
1188,945.373452367154
1189,972.8520835010712
1190,884.3481926005826
1191,699.0776842500853
1192,584.6452900380815
1193,384.7074935393529
1194,289.095693362934
1195,149.99426287668433
1196,63.41360072699513
1197,17.71852534493012
1198,0.0696019149479465
1199,0.3326376869679364
1200,0.980176221555198
1201,-0.37706603049304
1202,-2.4797167215066604
1203,27.782989915031912
1204,89.19921140110199
1205,200.22094823956428
1206,386.2162887797133
1207,505.9371676194202
1208,683.6215290619774
1209,844.7726866564032
1210,894.0712240992332
1211,907.5956371235436
1212,886.3803658631018
1213,900.4552619218148
1214,860.1212303093006
1215,688.148947157432
1216,571.0400406389399
1217,395.897495836253
1218,273.14465223672835
1219,145.08865651154375
1220,60.12378721007267
1221,17.052583605461095
1222,0.6440608460948125
1223,-0.1113104053446882
1224,-0.1857064796861087
1225,-0.1122965529627584
1226,1.599734232866818
1227,24.813111242581268
1228,80.03225606363935
1229,198.935187839583
1230,342.25607836282813
1231,456.5100054584287
1232,647.7123094142688
1233,815.0940504511028
1234,858.9828550520261
1235,877.8183119536643
1236,764.5377396503422
1237,689.5027679483394
1238,738.59477622897
1239,592.3401937087946
1240,383.21343224816377
1241,315.62512359936613
1242,194.35035643515465
1243,118.23578798227337
1244,63.12710622874396
1245,12.880910855648589
1246,0.4895563082205072
1247,-0.131033488519709
1248,-0.220477294883497
1249,-0.1852682505568521
1250,0.2022514170832317
1251,6.75143827327511
1252,24.57498438678492
1253,60.37545650494312
1254,129.53369494805972
1255,212.55690043406895
1256,277.8963225529472
1257,198.44923147874152
1258,199.3623381040967
1259,321.06288835173115
1260,617.1708195948632
1261,663.1509034105142
1262,782.4198100741986
1263,665.8562448728914
1264,566.1991529612758
1265,357.583570789607
1266,234.7097227026935
1267,118.05715667338674
1268,57.68875592926869
1269,15.571210213409962
1270,0.2899271772258642
1271,-0.0062120625984847
1272,-0.0708604609262419
1273,-0.5922541614982214
1274,3.2304269978180797
1275,6.547333638011891
1276,26.36272197590163
1277,56.14309148902887
1278,40.46834207405188
1279,112.27188768258004
1280,194.65633078514432
1281,327.04424628639043
1282,334.36411752633825
1283,361.7441112237467
1284,356.4609038638653
1285,345.81427079658687
1286,406.7044943137146
1287,468.66408038756913
1288,426.2235460714486
1289,299.2200102222244
1290,173.41273423012794
1291,127.8296882105662
1292,56.924626635905874
1293,13.60005629502566
1294,0.0062475142361924
1295,-0.0697566053988387
1296,-0.1658366538027029
1297,-0.1638200549722699
1298,0.9985844003611573
1299,25.94973449778136
1300,86.58766603143808
1301,173.17443336823527
1302,360.1913000355631
1303,534.0754282067232
1304,699.3549633681324
1305,838.8236466644595
1306,906.6533550989784
1307,934.3180609460492
1308,946.9764707812938
1309,864.8240824987978
1310,700.0333158020221
1311,638.052480728977
1312,508.1599210324524
1313,350.4738863617766
1314,234.20518440033248
1315,128.9591238386876
1316,54.22472196052841
1317,16.354108698485387
1318,1.1470571900043196
1319,-0.9876485182992122
1320,-1.7311885222278776
1321,0.4338217029948683
1322,0.7901509877881021
1323,22.95290070339661
1324,77.5038499138364
1325,186.89264610883168
1326,339.7877266273864
1327,494.422553778534
1328,567.3024026045176
1329,796.3781917208972
1330,858.2059363883477
1331,928.9272416085078
1332,928.1879157846682
1333,939.7726800032752
1334,805.8186445419525
1335,645.6187461022726
1336,494.0061003541752
1337,356.03170561357194
1338,198.99273279444333
1339,124.0579924413822
1340,69.96926333944069
1341,15.95263590918108
1342,0.4917067874016583
1343,-0.0917403250678972
1344,-0.1582438887244748
1345,-0.1807322565083373
1346,0.9996893485981776
1347,23.477218718314028
1348,58.83897768673079
1349,95.08444642505154
1350,211.2506325317116
1351,201.40193229653707
1352,255.29097649465444
1353,274.76474635101204
1354,314.40480127644287
1355,329.44608334698614
1356,301.0936481337177
1357,320.0906898981925
1358,298.62679645778763
1359,344.9610701363834
1360,253.60050309824732
1361,166.4233770942872
1362,101.68877910483717
1363,50.800476545052135
1364,18.745696248541773
1365,3.6081506038986895
1366,-0.0162310641954408
1367,-0.1076064594053582
1368,-0.1107481388002653
1369,-0.0878245552449741
1370,0.2632963951579037
1371,4.142265385420833
1372,20.24024696888396
1373,30.63182293420089
1374,46.93868122691784
1375,90.37746771287829
1376,134.1096923344014
1377,128.5355136570155
1378,111.4841638415288
1379,127.68307323296622
1380,210.9034742890545
1381,279.3093794261275
1382,286.8889272936546
1383,225.8253844232576
1384,192.84762172696
1385,148.71021202648146
1386,118.57860705062328
1387,54.34823343257218
1388,19.75881379166124
1389,4.826766678722981
1390,0.0947896358825288
1391,-0.0622737164793099
1392,-0.1433102274290674
1393,-0.2079313943020888
1394,1.2259866207458527
1395,21.470333321870974
1396,68.0885503768388
1397,151.26965434550638
1398,213.83803560610767
1399,254.12985558856127
1400,240.7925132141742
1401,724.8719522124331
1402,843.9543881549553
1403,920.8828888213742
1404,870.782263257988
1405,801.834808870124
1406,766.1223841416203
1407,613.3462192286962
1408,211.5694241945838
1409,209.83627053242404
1410,210.92076610134984
1411,123.0812239609911
1412,52.01539854921104
1413,12.564145056847313
1414,-0.0212711996869867
1415,-0.22371386032988
1416,-1.605635019850793
1417,-0.1546920976272046
1418,0.3501699436779799
1419,12.358792232130195
1420,38.09532952757642
1421,93.12579081517534
1422,94.84637917496168
1423,101.2917002443673
1424,150.02546604072882
1425,363.5568021403595
1426,529.0853949233285
1427,606.847136681084
1428,659.9669014347173
1429,653.0216680010532
1430,577.1311234113956
1431,350.54302143281217
1432,282.8945467334796
1433,180.67861369264176
1434,135.06944486434432
1435,71.56268019583784
1436,43.8474002888506
1437,12.386461064098835
1438,0.1155258059723456
1439,-0.0638379229581052
1440,-0.1385685561340928
1441,"0       0.226903
1       0.230587
2       0.230659
3       6.216234
4      38.816026
         ...    
715    44.256064
716    12.942750
717     0.953069
718     0.135620
719     0.172445
Name: predict, Length: 720, dtype: float64"
1442,0.339194021477507
1443,0.339194021477507
1444,0.339194021477507
1445,5.958477044700388
1446,33.10992212752425
1447,81.44184960186539
1448,157.03825061255458
1449,298.97412613575455
1450,302.76584841193124
1451,342.3299775991432
1452,402.3256776032408
1453,408.7571954360684
1454,292.8358589146545
1455,290.17161433096675
1456,372.9122528726755
1457,265.25616172453965
1458,165.4729976383639
1459,136.64941043659795
1460,41.2217767016841
1461,9.303376423500607
1462,0.540976838567836
1463,0.3389648643853572
1464,0.3389648643853572
1465,0.339194021477507
1466,0.339194021477507
1467,0.339194021477507
1468,0.339194021477507
1469,11.174808362471754
1470,53.86500772225115
1471,157.58178251792714
1472,192.413917024505
1473,353.9195938535437
1474,453.3079067391968
1475,566.6156342736449
1476,652.4617358755446
1477,647.4765892772045
1478,577.9090097711187
1479,527.4293946584614
1480,550.6877650655657
1481,387.8324525025093
1482,297.882353517704
1483,147.29421862605108
1484,54.57804008527129
1485,15.019342337568856
1486,1.9046503056763324
1487,0.339194021477507
1488,0.339194021477507
1489,0.3389648643853572
1490,0.3812334390352134
1491,0.339194021477507
1492,0.5556966098439672
1493,33.949748475298485
1494,87.04807462341262
1495,208.91840734976853
1496,362.3550766907906
1497,478.33560854295655
1498,647.0270470476876
1499,755.046308997675
1500,855.2647683061484
1501,817.7680972208911
1502,641.1981058648579
1503,689.5082513967893
1504,474.2580968231615
1505,369.647285061074
1506,224.01811741325704
1507,149.61240419607816
1508,71.89757060299907
1509,23.04034403069204
1510,0.4632009784152934
1511,0.339194021477507
1512,0.339194021477507
1513,0.339194021477507
1514,0.2719860213619793
1515,0.2719860213619793
1516,1.953914430181522
1517,29.169314514287517
1518,81.79639344863608
1519,161.20654074265428
1520,345.2009423906986
1521,470.15057191006247
1522,584.1241813646253
1523,561.6366824399502
1524,532.2413381788302
1525,578.7835220895522
1526,541.42891797207
1527,481.9617051599126
1528,555.9994218725915
1529,415.5517316894063
1530,252.74640580093973
1531,160.61438274674742
1532,64.44241839397729
1533,20.026635876480963
1534,0.3209488823124908
1535,0.3815900638750334
1536,0.339194021477507
1537,0.339194021477507
1538,0.2719860213619793
1539,0.339194021477507
1540,9.244277972643294
1541,35.5577190799934
1542,91.07384592264052
1543,185.2908327845399
1544,371.33546331128383
1545,531.973394820205
1546,633.571332307843
1547,680.5544673125926
1548,804.9841081770181
1549,838.5602489375848
1550,785.6693453243423
1551,705.5556868799439
1552,526.0141947919614
1553,450.0972890431541
1554,291.289211083704
1555,172.3479465817543
1556,74.26665241361205
1557,31.12958882420472
1558,2.658825875308317
1559,0.4927713361302597
1560,0.3812334390352134
1561,0.3812334390352134
1562,0.3812334390352134
1563,0.339194021477507
1564,8.69387358963857
1565,39.63505913259093
1566,113.42750587352538
1567,239.18435720016896
1568,390.02105038095993
1569,533.8539029310406
1570,636.0766903018423
1571,600.981000565553
1572,578.3331562681446
1573,663.4533698847747
1574,581.4630450939521
1575,595.2628983333724
1576,471.0918893739344
1577,459.1321715122197
1578,301.64351622932014
1579,151.96951236470062
1580,95.30677194201223
1581,27.72041910889021
1582,2.5604676573648577
1583,0.4419834272541864
1584,0.3812334390352134
1585,0.339194021477507
1586,0.339194021477507
1587,0.3450559824249218
1588,11.351102735010734
1589,42.19405043683607
1590,111.77258731892286
1591,226.40722448011712
1592,409.3477322087092
1593,574.0689906947614
1594,674.0168631056787
1595,759.9766602623831
1596,751.0733610828368
1597,716.9351877649491
1598,625.1550050296447
1599,535.3576299830728
1600,475.7593574678668
1601,437.2874348856742
1602,301.13911838827846
1603,142.0634528926972
1604,81.97340172740024
1605,31.171113247757603
1606,6.043623320120657
1607,0.4313839250484573
1608,0.2719860213619793
1609,0.2719860213619793
1610,0.1636185223978609
1611,0.1636185223978609
1612,3.3374714818583326
1613,12.279894650166112
1614,27.15910835725473
1615,41.22434181043706
1616,72.77998070342018
1617,88.30064163004342
1618,140.68651700255998
1619,115.83613415641447
1620,148.79570860415276
1621,255.6526236518483
1622,404.1927393861252
1623,483.5672002695062
1624,341.69157137363084
1625,281.030548671651
1626,269.715745354483
1627,135.76321130854816
1628,66.74050534468937
1629,30.008926036680496
1630,4.844975563324293
1631,0.5114217019382791
1632,0.339194021477507
1633,0.339194021477507
1634,0.339194021477507
1635,0.2719860213619793
1636,8.127380727022558
1637,26.314539929683956
1638,54.45829700545771
1639,133.99710473346326
1640,228.2024476952497
1641,348.3889465070177
1642,479.2491002762615
1643,446.0768663028428
1644,489.37856127579664
1645,416.9471233533196
1646,470.9963102234028
1647,505.5748462556845
1648,374.5059438370448
1649,288.8544806013712
1650,155.4381516155495
1651,74.35930006882039
1652,36.63286697409928
1653,11.12924308873372
1654,6.801433089628455
1655,0.2699516454846498
1656,0.2147950364420246
1657,0.2719860213619793
1658,0.339194021477507
1659,0.339194021477507
1660,5.4570800367300585
1661,19.35086238091552
1662,33.856322625662685
1663,52.49661537443296
1664,128.63130067907932
1665,198.69545122701328
1666,332.5353149085077
1667,349.272926612133
1668,407.2496098567418
1669,410.2652320626685
1670,366.3004091580089
1671,317.3636444465432
1672,213.55337771988889
1673,124.58901421995556
1674,97.39260560982868
1675,77.82843993563705
1676,56.64397226538895
1677,15.454095695296909
1678,4.953633605105087
1679,0.4398449320385358
1680,0.339194021477507
1681,0.339194021477507
1682,0.339194021477507
1683,0.339194021477507
1684,3.377762302906692
1685,18.05836284608521
1686,49.06847834986316
1687,108.3180391485842
1688,250.3734074863457
1689,321.72224242752634
1690,386.6942328650693
1691,205.31181602899733
1692,258.3667361065131
1693,309.57799913680464
1694,337.57666541431536
1695,307.3874853509708
1696,306.8398514965071
1697,320.73124309023456
1698,208.0413751318591
1699,191.94978351108057
1700,123.57442993537926
1701,50.070787592061066
1702,11.544266201590204
1703,0.5092813247501582
1704,0.339194021477507
1705,0.339194021477507
1706,0.2719860213619793
1707,0.2719860213619793
1708,10.95567540824261
1709,32.05000553582166
1710,77.46909939010617
1711,163.5018761256293
1712,206.5259388032227
1713,186.27100874050944
1714,248.6866155054444
1715,313.3770354151294
1716,315.7868247555045
1717,321.5813523389376
1718,256.40164852562754
1719,285.86002305087334
1720,230.686435888626
1721,247.32611033145992
1722,157.68771130040403
1723,116.10247696528889
1724,56.47294473509659
1725,18.241631095272627
1726,4.488183151660265
1727,0.3814093234037401
1728,0.2719201758988129
1729,0.2719860213619793
1730,0.2308265225133887
1731,0.1636185223978609
1732,11.266630339017157
1733,34.576730376358405
1734,56.10765301821476
1735,158.2851338104853
1736,208.9944775711012
1737,252.6238590873914
1738,309.2568326051829
1739,380.42853670131046
1740,331.68974657390135
1741,291.30350629856383
1742,253.1908099813461
1743,293.4421443260313
1744,249.2852653125773
1745,230.33178356350825
1746,164.52603371863694
1747,148.27026312187357
1748,84.61737968516299
1749,31.924335386159964
1750,10.388407683096272
1751,0.646561441978631
1752,0.1636185223978609
1753,0.9393129426480308
1754,0.2719860213619793
1755,0.2717799287823511
1756,12.824825922292126
1757,40.296833177092864
1758,93.47609937322656
1759,126.02935452829428
1760,214.8782429052631
1761,275.6700700723695
1762,364.2429271224312
1763,498.72195249812495
1764,474.6682000951295
1765,521.9892705272807
1766,410.76002981308216
1767,430.5554478814391
1768,269.0454499597278
1769,176.90540459857843
1770,154.25186860418864
1771,100.93944770425576
1772,62.49956467081865
1773,22.61395940605443
1774,6.167426408757159
1775,0.2476676937333643
1776,0.339194021477507
1777,0.2719860213619793
1778,0.2719860213619793
1779,0.2705320270524541
1780,4.2389288583925335
1781,22.968451818748647
1782,52.73722609561083
1783,76.07650868347963
1784,158.51263023241893
1785,209.95450854944409
1786,227.2841419383225
1787,221.7681668303196
1788,232.91265730085567
1789,230.2062978108732
1790,162.24702770938757
1791,157.62100324977305
1792,137.81097773330015
1793,196.16069983547044
1794,143.7216185641753
1795,128.7620292506612
1796,56.08522121601702
1797,26.06584680284103
1798,9.896325961639764
1799,0.4131538944992627
1800,0.2719860213619793
1801,0.2719860213619793
1802,0.2719860213619793
1803,0.2705320270524541
1804,7.321822772129934
1805,30.80764569989037
1806,48.51372650247387
1807,96.71649982736427
1808,143.9971604639941
1809,197.97103143353968
1810,223.8359892103645
1811,318.7499622498164
1812,361.3386392280822
1813,440.39002835308986
1814,428.6608295509749
1815,332.4180133263131
1816,254.67668209794783
1817,226.31021987014933
1818,222.5536300886276
1819,168.35264869752896
1820,98.08763492073015
1821,35.448060221218675
1822,8.906051510954786
1823,0.4018411231156984
1824,0.2719860213619793
1825,0.2719860213619793
1826,0.339194021477507
1827,0.259370245808593
1828,6.304981326098733
1829,28.044403214699887
1830,59.8051147105612
1831,105.81677192012084
1832,137.92417714199797
1833,169.13453855608836
1834,193.5981502946892
1835,287.3795651817632
1836,339.43354808993143
1837,266.67489837059395
1838,236.03489509251656
1839,303.00856399947645
1840,213.94854806994357
1841,181.4141290688188
1842,150.40177208922796
1843,175.27023898502088
1844,93.24394015686738
1845,45.28109890012352
1846,20.192499285120128
1847,1.1085469290253314
1848,0.339194021477507
1849,0.339194021477507
1850,0.339194021477507
1851,0.8361053739047314
1852,17.737541506779944
1853,61.99670736279446
1854,141.21101846301724
1855,255.6428567788698
1856,437.4359694721021
1857,578.6564607743817
1858,678.9930984300374
1859,836.7725797001249
1860,895.7021695152368
1861,899.7514798234888
1862,877.4537964227084
1863,806.7027720792973
1864,677.8203453013917
1865,543.5962653157429
1866,379.40425643181976
1867,239.17021976873963
1868,122.76613386910874
1869,45.42354454822864
1870,13.552376959763237
1871,1.2892777046591914
1872,0.339194021477507
1873,0.339194021477507
1874,0.339194021477507
1875,0.7325349388637995
1876,16.974714413564
1877,58.48947380200401
1878,113.2482713823457
1879,213.9483226850102
1880,285.0044417192935
1881,492.6677421992284
1882,589.3381916298324
1883,712.3347002419097
1884,744.390620329434
1885,526.1148448109097
1886,331.1918273989164
1887,306.4356991152204
1888,269.647340934318
1889,274.8669807973157
1890,242.6514977350518
1891,163.64857442952126
1892,87.27720576470021
1893,43.45086394903056
1894,9.143442875539032
1895,0.6124269238248002
1896,0.339194021477507
1897,0.339194021477507
1898,0.2377441833416162
1899,0.1945379355306631
1900,13.085176415101586
1901,35.36109674650618
1902,81.07961424243499
1903,173.79248483924383
1904,343.6651082043364
1905,554.483081663162
1906,490.18258819873904
1907,631.6080389032759
1908,689.5451293296426
1909,820.640224382287
1910,841.0619794280256
1911,785.1587981820238
1912,703.0875373095848
1913,552.3860725760734
1914,374.4138660784008
1915,236.9542502458059
1916,127.34533159552554
1917,51.877181696648776
1918,17.045895819571196
1919,1.029629578406695
1920,0.3576285191145062
1921,0.339194021477507
1922,0.2377441833416162
1923,1.082864283753929
1924,20.288736814381192
1925,60.103596521195904
1926,119.85746285492183
1927,246.02500657816924
1928,396.49816075563626
1929,586.0049664350486
1930,708.7299013191146
1931,817.064725645632
1932,888.8690406276694
1933,903.2411016933758
1934,900.5823879955719
1935,823.9472778634685
1936,663.2956494913484
1937,489.1165203604481
1938,355.08388802241143
1939,250.21046606197956
1940,129.8111759308127
1941,52.5276103617364
1942,15.905888922875494
1943,1.4177952692664488
1944,0.41294549643235
1945,0.339194021477507
1946,0.1957047657839097
1947,0.6247332100724091
1948,20.260221157004352
1949,59.30327883354541
1950,116.5945784792294
1951,241.8192988361008
1952,352.2202426047058
1953,610.5066208335809
1954,723.1572155698401
1955,841.3172265979522
1956,896.4377554950481
1957,654.5751201817625
1958,530.702741068942
1959,686.3078323868426
1960,437.38678001017774
1961,379.3905361287576
1962,277.12023416329146
1963,166.20756530726783
1964,112.5491907529077
1965,51.74481939429143
1966,11.458807706068082
1967,1.418284310188715
1968,0.5651316143833581
1969,0.0523595804636067
1970,0.223282250089213
1971,0.4225367205715179
1972,10.31112942914343
1973,22.48285131800953
1974,70.1777702896913
1975,149.73131145738265
1976,149.041477501227
1977,293.655194084867
1978,236.442922307778
1979,235.0655339133866
1980,335.268718430465
1981,509.0627308896666
1982,711.0192641954125
1983,681.2819480728323
1984,563.0610285626909
1985,407.9540509737392
1986,303.2329455802217
1987,237.13956041925528
1988,118.886011768045
1989,50.84312663676467
1990,17.617958118845145
1991,1.569168584653654
1992,1.116778084860563
1993,0.3486940488921916
1994,-0.2614619199043181
1995,-0.0102121897809758
1996,5.901309778283591
1997,29.758865628836777
1998,13.354855060755918
1999,47.43958894536195
2000,67.25033120164449
2001,104.1130299371901
2002,213.22836046104717
2003,290.02486204971035
2004,325.11689853683464
2005,304.98977529334445
2006,307.33522950164473
2007,287.97688208896545
2008,339.3910603191099
2009,445.6996146486756
2010,251.2512903878045
2011,159.1038474989531
2012,135.1286594038469
2013,44.19794973989382
2014,11.863740626151449
2015,0.6226607870525075
2016,0.2284423505966837
2017,0.1957047657839097
2018,0.1957047657839097
2019,1.0551744034714332
2020,21.308150999110985
2021,57.93698147579428
2022,136.0323814503009
2023,244.26267504050375
2024,372.7218047983938
2025,574.1898303935408
2026,640.790893875789
2027,781.4109627820873
2028,845.4146427684557
2029,870.5376438032384
2030,775.1402755746242
2031,628.9825826675003
2032,541.8419650309953
2033,378.99493617790665
2034,271.05611576095
2035,201.6068929960116
2036,107.0877326611209
2037,46.25469850894629
2038,21.98268072158019
2039,1.386002573505518
2040,-2.1570106977572387
2041,-2.123615785162029
2042,0.1957047657839097
2043,0.8036652004865396
2044,19.298825957947688
2045,57.91026403446592
2046,131.51309809140102
2047,243.00433496890832
2048,340.94148407566604
2049,534.8816376256007
2050,604.2078766822707
2051,633.0644874844314
2052,865.2429238343751
2053,884.5330878324547
2054,843.6909721735102
2055,785.3128972934425
2056,662.7626350576364
2057,376.4235406876228
2058,260.98209688582034
2059,182.1344558488761
2060,119.58889250795416
2061,60.442986050701954
2062,21.09206277343291
2063,0.5662167205055508
2064,0.2509752702676707
2065,0.1957047657839097
2066,0.1957047657839097
2067,1.6560472147906449
2068,16.024696457975
2069,53.25260383599532
2070,99.82873762560834
2071,103.857594139315
2072,168.07377905294788
2073,177.03371874557587
2074,132.40485756168005
2075,250.0720595956552
2076,347.5120346858761
2077,247.8100416728828
2078,174.37775641617395
2079,237.61577663789723
2080,178.04896902634968
2081,167.0033535788866
2082,140.1228163802658
2083,121.05909784269843
2084,50.59602255581128
2085,18.468531364268443
2086,6.831023629858231
2087,0.5863257573741841
2088,0.4012291426159213
2089,0.1841074967190853
2090,0.1841074967190853
2091,0.2243614429953377
2092,4.911685621241674
2093,15.356230980369904
2094,19.91829857350908
2095,33.699460551450905
2096,68.20175585843084
2097,112.21070049465052
2098,97.95093327054886
2099,115.00041448440042
2100,232.6143756469291
2101,186.28908594850168
2102,210.094569249445
2103,227.62537804390803
2104,221.9129969386724
2105,234.5842376384367
2106,134.13535784678777
2107,112.6797310207403
2108,71.34115220881986
2109,27.845246911443912
2110,7.20375490611055
2111,0.6179698715323112
2112,0.2381008081814361
2113,0.1956389203207433
2114,0.1957047657839097
2115,0.9899004300467226
2116,19.86189081369936
2117,53.36322518623115
2118,132.7699887122253
2119,194.811346025385
2120,296.1412589265205
2121,406.65996621969
2122,554.0195351661963
2123,722.2291641602006
2124,853.0552287100307
2125,800.0814414695636
2126,667.42924558735
2127,649.2462576592679
2128,545.569846256229
2129,235.93959399804817
2130,214.3985089919516
2131,185.3314318676039
2132,117.5325343078232
2133,52.75579839975888
2134,19.276428042967503
2135,1.0061797655889064
2136,-2.2073143571575518
2137,0.1957047657839097
2138,0.1957047657839097
2139,0.3988630283206867
2140,14.023805865527471
2141,37.484684683825
2142,55.19446568904147
2143,66.54696644135852
2144,64.89481495360444
2145,186.19907597172332
2146,257.6007349664713
2147,448.7173731535072
2148,540.9901494845842
2149,652.9220819443616
2150,580.0235790704777
2151,449.76105633605897
2152,289.45491676210014
2153,259.47973740430416
2154,168.0395344055464
2155,106.64187794671392
2156,77.30853445182893
2157,53.7063473820168
2158,14.22705162149933
2159,0.560123196271331
2160,0.3815900638750334
2161,0.339194021477507
2162,"0       0.293687
1       0.293687
2       0.296893
3       5.805105
4      31.022431
         ...    
715    51.609510
716    14.556054
717     0.643862
718     0.344374
719     0.306143
Name: predict, Length: 720, dtype: float64"
