id,prediction
0,0.0
1,0.0
2,0.0
3,63.94251323416159
4,358.04900358676747
5,799.4634155887073
6,1799.8540342137735
7,2560.045744652641
8,2883.659389674059
9,2525.328501683025
10,2719.030386308996
11,2587.355508076565
12,2180.4108154361484
13,2120.4010443501857
14,2125.539098700548
15,1550.8326088476265
16,1078.6486533536922
17,651.5032875589933
18,225.6493948533463
19,17.390669440172438
20,0.0
21,0.0
22,0.0
23,0.0
24,0.0
25,0.0
26,0.0
27,158.54602525505683
28,538.479421588894
29,1281.8417676310507
30,1951.1685801133988
31,2605.746544921364
32,3513.9386478624538
33,4002.4806995932167
34,4160.519327682093
35,3636.765066865322
36,3431.213269552132
37,3402.1702895784347
38,3076.7529205071464
39,2378.037228575726
40,1594.071031069537
41,835.4923814397458
42,416.7936066387055
43,73.91482570740546
44,0.0
45,0.0
46,0.0
47,0.0
48,0.0
49,0.0
50,12.16867271863024
51,234.8932179276468
52,641.2321391959076
53,1540.0028514937055
54,2577.033409282601
55,3479.083317508028
56,3713.3942600181754
57,4473.922259909832
58,4572.793363244879
59,4580.747922445317
60,4205.398292846397
61,4019.4524316880434
62,3090.6466182700738
63,2074.2407888421194
64,1446.3340251953125
65,756.8232299473786
66,394.166132699921
67,117.88632270052454
68,0.0
69,0.0
70,0.0
71,0.0
72,0.0
73,0.0
74,13.539702320430893
75,164.5617160400655
76,560.1649974575419
77,1156.46485622753
78,2043.8238943870383
79,3593.076956106961
80,3699.435060038809
81,3391.001784687631
82,3295.8360501984184
83,3366.7377279057114
84,3150.283414395359
85,3156.5075423080407
86,3016.4576947003925
87,2662.89420684955
88,1998.6525944032617
89,860.2693144347099
90,341.0764746634858
91,152.9825643057914
92,1.7556541539634445
93,0.0
94,0.0
95,0.0
96,0.0
97,0.0
98,55.34570694626279
99,253.17054725478616
100,551.5435903057106
101,1180.9961059805944
102,2455.932736741411
103,3333.687993738154
104,4329.434797509635
105,4618.342323951778
106,4456.23993801874
107,4588.23904604243
108,4174.97756994309
109,3974.424030232954
110,3586.3184936373104
111,2912.1211716500447
112,1894.334508773288
113,1054.5369909750202
114,506.8617980419205
115,167.07085715599294
116,12.29297379443592
117,0.0
118,0.0
119,0.0
120,0.0
121,0.0
122,80.61981717079341
123,211.29890798904023
124,684.7606845766377
125,1759.47224148999
126,2632.1773279734844
127,3685.391917440249
128,4058.3447955439456
129,3698.00250652194
130,3534.473807977781
131,2863.8443657866624
132,2527.2688318422256
133,3177.411602700206
134,3193.1733602583736
135,2371.1351921115497
136,1881.303119603536
137,925.9286212921164
138,455.2844334034219
139,179.284395229955
140,16.008664742705115
141,0.0
142,0.0
143,0.0
144,0.0
145,0.0
146,78.8507088582182
147,245.8019235124641
148,663.7151660430688
149,1639.1394592828844
150,2330.818864198365
151,3548.678616991732
152,3712.76457243036
153,4283.739664475902
154,4081.3029241385866
155,4114.48950567193
156,3535.2714798814936
157,3273.867497661808
158,3297.5111353787183
159,2590.088501473824
160,1802.4480687344317
161,988.0878049171284
162,490.4868849390535
163,166.32993156473782
164,8.809636838823865
165,0.0
166,0.0
167,0.0
168,0.0
169,0.0
170,10.08445052427035
171,85.4395486277115
172,165.29926733435133
173,274.5638374724242
174,316.4389922675473
175,375.2328694990452
176,526.7595189124881
177,613.4837140408805
178,619.7718958207313
179,1128.273655448137
180,1691.0550943633082
181,2395.533352769492
182,1736.436225431501
183,2015.2862777379971
184,1104.5162425941264
185,688.7587687817295
186,387.423865999765
187,111.99281864668907
188,13.1683456566475
189,0.0
190,0.0
191,0.0
192,0.0
193,0.0
194,45.851347832123245
195,175.58761130507455
196,342.35589808839364
197,919.3785712020192
198,1393.9597501534213
199,2096.922063915693
200,1962.9117931691576
201,2164.097515817339
202,2242.435740983477
203,2220.6996367755783
204,2190.300781066116
205,2500.917776803239
206,2060.137363765044
207,1283.906265718084
208,872.5539561685933
209,429.9706459298143
210,253.40769200183453
211,59.17237148161045
212,0.0381910219791592
213,0.0
214,0.0
215,0.0
216,0.0
217,0.0
218,20.994007258644302
219,111.65254677408116
220,213.7585149753189
221,308.71995116025624
222,679.3228209338245
223,1168.8624507335232
224,2105.6574218762607
225,2100.7363236695496
226,1833.3872082886755
227,1923.0086539757283
228,1274.4734567700098
229,920.5366212138638
230,795.8659806612369
231,718.6089038937125
232,499.5969739928362
233,377.7890918466404
234,231.9476141512207
235,55.71814211670124
236,7.916287350759726
237,0.0
238,0.0
239,0.0
240,0.0
241,0.0
242,20.87591189968763
243,98.0568373543369
244,274.85359858905696
245,968.198393848937
246,1156.6817261435344
247,1887.918218009279
248,2021.508800761365
249,1456.7206609822422
250,1489.4461594434918
251,1750.561124040414
252,2243.728351629248
253,2469.540331792421
254,2163.374835311451
255,1773.7644570883654
256,1451.2279025852092
257,876.5674766656978
258,568.0982051115012
259,193.446825622295
260,45.34512556501132
261,0.0
262,0.0
263,0.0
264,0.0
265,0.0
266,79.50034996566991
267,196.49898446579357
268,363.37911251578254
269,837.6502862601928
270,1012.6693707174356
271,1065.931318307611
272,1372.3157761415591
273,1430.29586444304
274,1631.9195314811054
275,1385.8832071055658
276,1368.232987889396
277,842.9227862288459
278,1098.0156392200065
279,871.177311660979
280,623.9704524517688
281,390.3584677947151
282,251.2377387881606
283,89.98992335020579
284,6.17355234537872
285,0.0
286,0.0
287,0.0
288,0.0
289,0.0
290,82.18616935422348
291,178.36676342256342
292,358.2386716807578
293,751.4888474352512
294,1578.7334244741628
295,1817.351468603017
296,1705.074082342188
297,1876.154534622521
298,2320.400652660309
299,2303.440360008262
300,1557.920301398357
301,1386.341713448966
302,1503.889288304978
303,1368.2376500274172
304,1080.4440151141926
305,827.3383157587925
306,453.1191834023635
307,231.87140442006867
308,32.69093661175752
309,0.0
310,0.0
311,0.0
312,0.0
313,0.0
314,58.39377342048093
315,202.68933480725244
316,417.0036100345496
317,978.3797441648586
318,1299.1502153728554
319,1915.385548558232
320,2697.6137952957088
321,3212.3415780098862
322,3240.130296814005
323,2778.4381247793385
324,2057.04256534164
325,1594.3464529049595
326,1339.7864996836806
327,831.3385003446455
328,654.9510877839895
329,520.6083417330462
330,204.56116852653892
331,143.0047410227391
332,21.31373448337989
333,0.0
334,0.0
335,0.0
336,0.0
337,0.0
338,25.461551622389308
339,94.26905782077957
340,204.33756323986253
341,471.95553283258334
342,838.0225478951452
343,1072.9893023901006
344,1201.6236306553817
345,1354.5969088792042
346,1445.234891893057
347,1543.0836550362174
348,1154.2263090705396
349,1058.643867345572
350,1237.1720146720688
351,933.172206288111
352,884.7475225652296
353,452.68530640913417
354,280.2098196985538
355,144.72844218584208
356,20.390977090934463
357,0.0
358,0.0
359,0.0
360,0.0
361,0.0
362,51.697028566865406
363,166.76026219792934
364,235.0612733024816
365,537.8916860459955
366,864.3938913304041
367,910.2039503227672
368,1379.7842434112015
369,1693.2152896768496
370,1608.6656712338677
371,1968.8227948845192
372,1766.463173769774
373,1213.2051672126956
374,1087.462480627316
375,1032.6237336182617
376,970.6690249540064
377,662.0445175045984
378,326.85438332528634
379,122.5764849608572
380,9.78915297812774
381,0.0
382,0.0
383,0.0
384,0.0
385,0.0
386,39.64072206714403
387,138.55988172472945
388,257.85859523286723
389,617.8563045020958
390,548.49729149339
391,716.5674261959755
392,920.7978024516918
393,1178.9541405552795
394,1154.1463085934415
395,1522.15268450008
396,1425.0251203413836
397,1154.3173428092794
398,1081.4852136491627
399,824.8397299213192
400,904.1190206571356
401,726.8987176048721
402,480.80997390936267
403,212.91699558238483
404,65.29053547822323
405,0.0
406,0.0
407,0.0
408,0.0
409,19.17455101666487
410,138.75356656309614
411,297.5394273608945
412,790.5133270674568
413,1894.1799178217575
414,2964.1651816249678
415,4109.711394039784
416,4680.693122404966
417,4841.459380240358
418,4864.701799672452
419,4927.723355099754
420,4799.791921381562
421,4320.827108380817
422,3751.8097018376825
423,3029.859829858375
424,2115.813631397557
425,1259.190762587349
426,583.1308094716496
427,303.8024358608866
428,113.98774609286004
429,0.0
430,0.0
431,0.0
432,0.0
433,13.86896307549748
434,128.69384218393284
435,348.31098221842484
436,687.3826403942771
437,1430.1457727858117
438,1997.919150709942
439,2958.84680403441
440,3639.5419518132016
441,4322.14769122531
442,3789.317510362144
443,2866.786042820274
444,1914.580143674641
445,1053.0168955135025
446,1308.6479387951158
447,1486.1240510652171
448,1162.961248413282
449,601.1549784901929
450,340.3421677614574
451,148.16093658940355
452,52.88703126366206
453,0.0
454,0.0
455,0.0
456,0.0
457,1.1572917545794716
458,99.83804495165832
459,207.7555540402053
460,346.7036646701552
461,1124.2821531090335
462,1994.594962764452
463,3082.4613578204726
464,3736.876605174114
465,3952.659361993607
466,4081.750320734937
467,4235.797443410046
468,4004.374164514467
469,3923.239508722878
470,3364.4362550397605
471,3025.127553681736
472,2210.6725968508326
473,1289.463760650031
474,595.5577137364082
475,348.13668122277085
476,118.61045241143933
477,0.925592931943756
478,0.0
479,0.0
480,0.0
481,28.301887137282392
482,126.87583212621008
483,304.36962647255706
484,742.7842101243904
485,1727.6014377008164
486,2689.7618577683947
487,3364.1904229457014
488,4117.989032937804
489,4170.299764851622
490,4423.639070134134
491,4690.166320316011
492,4657.388857359733
493,4284.28545205612
494,3615.975543954688
495,3059.2812748174874
496,2150.401370660393
497,1282.9791694666983
498,635.5157591709442
499,371.3485623364528
500,135.60427492962347
501,4.350041531613723
502,0.0
503,0.0
504,0.0
505,10.820477336462046
506,132.85426665076778
507,262.11141888585405
508,788.106977980958
509,1449.626093865984
510,1935.7300799068228
511,3364.554649201131
512,4510.622602787459
513,4860.512069124935
514,4897.129017564183
515,3972.760867005192
516,3030.3629918301967
517,3398.0937433732493
518,2472.6933759722765
519,1781.2074278274972
520,1507.147383370376
521,717.9535157305179
522,464.8326114047672
523,192.5160678001228
524,89.16919417259047
525,0.0
526,0.0
527,0.0
528,0.0
529,1.8389099354723408
530,61.49653846019945
531,164.2844063675233
532,274.1655765651397
533,713.0042791761853
534,926.2541061373992
535,1548.155981605347
536,1219.5416822744164
537,715.0158900932993
538,1149.5448117593637
539,2701.3309923448464
540,2975.3814901406217
541,3568.255817176352
542,3180.5168056973657
543,2563.554598618535
544,1810.1964059385891
545,1197.4056112536737
546,515.1932891586007
547,289.23047314182475
548,101.09970458541716
549,0.2988869464884001
550,0.0
551,0.0
552,0.0
553,0.0
554,43.80270451492893
555,91.4063307728371
556,131.51186664276963
557,276.1347416475136
558,381.85323138194406
559,821.4691283019926
560,1297.346348516484
561,1366.2883673094586
562,1397.3443812018431
563,1609.957786726189
564,1370.129534337933
565,1483.1188759849847
566,1944.9175134969528
567,2221.378337364172
568,1499.7600082001577
569,910.2682711926764
570,480.084451266709
571,180.16278387051136
572,48.91705239900322
573,0.0
574,0.0
575,0.0
576,0.0
577,17.91983329661074
578,97.56877523097197
579,216.83825244748064
580,630.984567379264
581,1593.358913950937
582,2742.666463871531
583,3519.4218563933114
584,3536.2789373363967
585,4109.276122746326
586,4130.862718574735
587,4021.849668175327
588,3863.440334531747
589,3244.254127929656
590,2357.957207245793
591,1873.730734305063
592,1312.927388583551
593,909.4170890595564
594,351.2221903121705
595,198.2510328536874
596,91.9466654948231
597,0.0
598,0.0
599,0.3960791571484421
600,0.0
601,13.665120037600508
602,92.5912647432058
603,248.7308219509568
604,667.5059880421193
605,1393.0818975568372
606,2122.0058576123747
607,2917.777074036472
608,3937.6783923515854
609,3996.236804835471
610,4743.150870604075
611,4771.544246046668
612,4523.239199481898
613,3947.163401126252
614,2888.8392763959705
615,2169.206365212873
616,1411.5182458465656
617,902.2968030247342
618,564.4452347430919
619,318.7133990985211
620,107.02379393020776
621,3.154966601417046
622,0.0
623,0.0
624,0.0
625,10.65629756346023
626,112.0935678497435
627,284.65341948221044
628,431.2345165825941
629,659.8671996215264
630,837.9028798280004
631,982.7927568296444
632,1061.4892465371315
633,1293.7426361521962
634,1798.706320177963
635,1183.7847030212376
636,1310.5249329984474
637,985.7691233756158
638,924.9010340257498
639,963.6050807514392
640,601.6037852926282
641,339.19381506255
642,154.17196453728351
643,65.98095466067258
644,18.08745289545383
645,0.0
646,0.0
647,0.0
648,0.0
649,0.0
650,25.713914890369267
651,80.78909534925278
652,102.78208357808695
653,151.66348765842284
654,317.95206404520763
655,711.4251781725143
656,543.948639288174
657,476.03627575834247
658,612.9422670988397
659,492.7449077275297
660,734.8035754861436
661,993.9397935987896
662,872.99575710534
663,809.4706656267977
664,635.5828462231281
665,428.7312164378265
666,257.7489019014387
667,146.73480146440065
668,20.988938716017365
669,0.0
670,0.0
671,0.0
672,0.0
673,14.174287769552764
674,98.45064950116787
675,281.5149331389475
676,682.8014919427538
677,1046.7418726640624
678,2501.315753421468
679,3369.1629739898503
680,3668.285946464272
681,3839.648630624925
682,3984.6923904395753
683,3632.646007835877
684,3460.6304317531667
685,3272.133910402452
686,2790.21765413395
687,1802.995588371649
688,985.968418085656
689,764.732869293712
690,445.516004611571
691,370.2663966742873
692,72.23566729770529
693,0.0
694,0.0
695,0.0
696,0.3683953153135189
697,9.3714553516675
698,78.02297832141423
699,236.02559552533984
700,289.3117930165329
701,421.45731594432266
702,437.5252185698439
703,904.0946173745264
704,1514.3270011126012
705,2581.2378154178004
706,3139.3387456477685
707,3389.787105408923
708,3170.475784499393
709,2689.146831457336
710,1660.6873506306008
711,1178.3990806071429
712,776.855528034251
713,572.5373758258445
714,364.97044762652905
715,219.80131502420144
716,69.67506670948853
717,0.0
718,0.0
719,0.0
720,0.0
721,0.0
722,0.0
723,7.586945596287342
724,37.96335192574335
725,153.21991882533158
726,264.65066034713897
727,374.0712899764495
728,444.3516332217194
729,481.3245949282228
730,441.6509998817282
731,481.53467399394407
732,434.0720620448897
733,420.8203178463041
734,401.0964145978752
735,247.0742167544103
736,170.76881933564138
737,81.34657026370022
738,32.7373130519732
739,6.544403077055187
740,1.473606926831235
741,0.0
742,0.0
743,0.0
744,2.822603779000631
745,2.140902557839513
746,2.1063189073727084
747,18.57561648990901
748,101.38390047840116
749,204.5392226443522
750,231.27019395964965
751,407.50093642802807
752,512.955203596665
753,641.1939937776701
754,639.0446335160806
755,737.8467575276811
756,672.7390196249662
757,607.1259964800339
758,478.8625701502311
759,398.2744317123195
760,280.91889389561527
761,145.01968891216487
762,55.02313335200255
763,7.578481052205675
764,0.0
765,0.0
766,0.0
767,0.0
768,0.0
769,0.0
770,0.0
771,39.06213799473171
772,127.86996231465912
773,278.75485108071166
774,417.4431679304375
775,599.7718352421803
776,791.758461394253
777,931.0339260886092
778,987.053705648347
779,942.4384083932852
780,847.5849944666788
781,745.5638703188913
782,634.3226080556503
783,420.4903951499927
784,264.3888052694629
785,142.57759479918118
786,74.99884022872382
787,13.094366459054909
788,0.0
789,0.0
790,0.0
791,0.0
792,0.0
793,0.0
794,0.0
795,24.593121537035813
796,99.06292303060786
797,238.63102327994983
798,478.82052691228097
799,642.0839718839355
800,613.3097797142353
801,572.002071481843
802,621.2810593967874
803,634.1627060958559
804,630.3233840787697
805,550.7562200616335
806,579.656349150925
807,482.1957945955877
808,350.2302308605248
809,159.7701344801648
810,58.92721193719999
811,21.861530194854605
812,0.0
813,0.0
814,0.0
815,0.0
816,0.0
817,0.0
818,6.880181281942458
819,54.45122453414484
820,134.45973220690482
821,252.16450867640077
822,457.9519009023396
823,608.4557724083313
824,787.0757214522318
825,818.5873133905293
826,942.9880313782098
827,999.352570340094
828,978.4587570367296
829,803.5036095605491
830,700.004659984575
831,552.1944087711763
832,355.1589754600362
833,179.27980746573886
834,89.03871179233914
835,30.8732280531344
836,0.0
837,0.0
838,0.0
839,0.0
840,0.0
841,0.0
842,7.210622594522321
843,64.89304033800471
844,165.84967276376733
845,330.61008105435764
846,500.6398362571546
847,605.9603800316953
848,703.386516238809
849,761.7980756562549
850,777.3197908296488
851,677.6546023132685
852,677.9020576985397
853,733.4798182922108
854,678.2938982814482
855,538.397688623313
856,344.8191411032449
857,185.02264112731083
858,102.39679832031104
859,28.65362307927641
860,0.0528823718669642
861,0.0
862,0.0
863,0.0
864,0.0
865,0.0
866,7.341241897693899
867,63.23646364303004
868,178.59793884806706
869,356.94009093142694
870,534.6934384610876
871,695.9360095231101
872,837.028727470329
873,907.0192139591434
874,913.97298902821
875,912.6561928727124
876,838.793835165857
877,785.2349713351709
878,648.7303281235921
879,461.0216840529472
880,321.2416854959656
881,192.13407182846188
882,93.5210204815986
883,29.726973342862472
884,0.3131099237132098
885,0.0
886,0.0
887,0.0
888,0.0
889,0.0
890,1.2567162129367135
891,13.75376265898705
892,16.403256896488394
893,58.91036616265226
894,104.60117439546424
895,150.80765491126223
896,186.7762728236901
897,221.0965246884809
898,265.5260505567751
899,329.0322520810328
900,407.05931603828657
901,485.5026756090381
902,418.7062846091986
903,335.3656053659628
904,219.4728853682101
905,123.72220880442596
906,72.3321317269572
907,25.59304482973873
908,1.5091519051341349
909,0.0889792715105159
910,0.0
911,0.0
912,0.0
913,0.0
914,8.869268356637914
915,36.641043450447135
916,76.38267927519732
917,152.53235506189057
918,251.79197785480596
919,374.4166172979922
920,317.8894035188118
921,285.6441641919295
922,420.2031994425994
923,359.04694336152346
924,389.8240150284766
925,469.4559436290508
926,387.2388151746302
927,268.5308526525493
928,156.1147904917078
929,104.6572295624508
930,47.95310813909354
931,4.942145461416554
932,0.1059823822561765
933,0.0
934,0.0
935,0.0
936,0.0
937,0.0
938,1.124927651457103
939,16.41647649477995
940,33.293638965463494
941,59.308201866052464
942,140.34187827176444
943,235.44624734721444
944,425.4716771705421
945,463.9104164853824
946,434.58434236804754
947,456.723286734446
948,308.8467230043464
949,238.821361817472
950,233.39824211890445
951,208.6004551091013
952,100.39276159397812
953,58.308278233696406
954,43.549434394926486
955,14.893052803515488
956,1.186546999271353
957,0.0
958,0.0
959,0.0
960,0.0
961,0.0
962,1.2845491500064243
963,23.02112702445477
964,61.75103843854357
965,159.00581901422885
966,238.7435967549123
967,404.7955741703133
968,396.5756354137754
969,254.59356111157496
970,311.8210127615339
971,344.2826376672618
972,444.89443063258784
973,343.14169784553
974,341.2711116261656
975,274.58195484883066
976,283.5863726300515
977,173.76758904664993
978,100.09695444937492
979,32.68688113834752
980,9.521120913546865
981,3.3971976622923004
982,5.209393084632093
983,1.8783069543568256
984,0.0
985,0.0
986,8.087758176909407
987,45.01365936854674
988,103.61789169417938
989,163.57524449457807
990,245.1720710599484
991,251.9240142560963
992,347.9539178705749
993,429.298897428201
994,475.90679267688887
995,428.512486996817
996,371.12338562825215
997,274.32706756234705
998,234.3736628695683
999,132.15335821470796
1000,148.6872346389215
1001,93.6496654612588
1002,46.46534983189341
1003,16.213682577041126
1004,11.088200874924809
1005,12.11676751536756
1006,7.993757872609174
1007,0.0
1008,2.5408735860258824
1009,3.179503855383758
1010,11.817643804076024
1011,39.952634767169904
1012,104.83058623644848
1013,144.58121981729727
1014,276.2802576198968
1015,260.0098545850541
1016,297.832272841003
1017,316.462641914143
1018,398.73245146345386
1019,399.69177316752
1020,352.3806074480992
1021,262.4852798202673
1022,262.07713570140425
1023,207.70296616757216
1024,175.91197987870893
1025,124.27231861479088
1026,70.67162071442083
1027,38.70267040325832
1028,4.524640706421752
1029,3.61251898793551
1030,3.152129585663591
1031,3.091349410474173
1032,3.136309013403303
1033,0.0
1034,6.457491329424463
1035,52.33576623225257
1036,116.14448440445948
1037,187.34165013016403
1038,249.14814816020348
1039,254.7633956874676
1040,488.8898440204746
1041,601.1158119883446
1042,619.4395421531469
1043,547.6121338438867
1044,458.79582176137
1045,387.0427402788674
1046,239.16066057250467
1047,149.59859816942694
1048,138.57639598626093
1049,97.9324224828309
1050,41.65328492115573
1051,21.48952045181924
1052,1.4306820530810596
1053,0.5888120627539473
1054,0.0
1055,0.0
1056,0.0
1057,0.0
1058,1.4657040560912602
1059,17.408606848856103
1060,63.38510150965477
1061,123.81784337392408
1062,161.367490177194
1063,225.9477305830351
1064,272.0969772882289
1065,318.6768922624378
1066,347.5968359768005
1067,353.1001043331114
1068,273.179024657775
1069,240.5197868867237
1070,214.5570402578944
1071,153.36418465150942
1072,129.1718576745217
1073,98.8623435474439
1074,51.29943875245555
1075,30.33415836185288
1076,2.0585800599649007
1077,2.6574343462836394
1078,2.521548468108284
1079,0.0
1080,0.0
1081,0.0
1082,4.553170921353653
1083,49.700031405237176
1084,80.10903841402099
1085,130.3030414537441
1086,198.6225386092386
1087,261.625674574657
1088,365.17650604449966
1089,444.74158750334885
1090,463.0797168900317
1091,508.2053403557953
1092,499.7400636318306
1093,379.1787386357199
1094,222.8389486472501
1095,187.23358433106327
1096,210.94906654897912
1097,168.68259612311684
1098,89.42738638768239
1099,30.560939846394817
1100,1.7493142450769144
1101,0.0
1102,0.0
1103,0.0
1104,0.1642912030681276
1105,0.6685364738733406
1106,3.2450744763887185
1107,19.20745011927771
1108,62.03893321179333
1109,108.63126016602432
1110,136.6379576266659
1111,210.690362455726
1112,267.7882195850661
1113,265.2832512085346
1114,319.8852437824715
1115,349.6582378653029
1116,331.81080246659417
1117,307.03498929877736
1118,225.8562265603552
1119,188.57128814239772
1120,173.19636795344948
1121,151.97264311644355
1122,97.64965894572504
1123,44.85528843224899
1124,7.039099566426539
1125,0.0
1126,0.0
1127,0.0
1128,2.7870465542523317
1129,4.044253752836468
1130,28.333107503972897
1131,88.49728027682069
1132,203.85743571572516
1133,381.2705341127404
1134,606.8573532125853
1135,760.7316338981441
1136,916.753642356696
1137,1021.5947659597196
1138,1018.9867070838404
1139,1001.7673273263508
1140,992.8075343903382
1141,927.0807385225454
1142,730.9629760180537
1143,577.3781039559558
1144,409.62722896725535
1145,272.7822616316124
1146,143.0646844049661
1147,57.38886120620501
1148,11.405532735338433
1149,0.0
1150,0.0
1151,0.0
1152,0.0
1153,0.4332051609150147
1154,30.215509328379447
1155,89.56437386185617
1156,166.22530752911334
1157,305.5301487716523
1158,401.71386746847617
1159,572.6792428048027
1160,714.1748379210865
1161,811.1052922381906
1162,779.3494746392355
1163,609.747655448844
1164,450.2671155719464
1165,348.761591939458
1166,319.66994406000794
1167,307.0738220845543
1168,254.36362354883832
1169,138.8589993470899
1170,82.30398796707543
1171,36.753990605628296
1172,5.998693500579639
1173,0.0
1174,0.0
1175,0.0
1176,0.0
1177,0.0
1178,13.05385685619554
1179,51.975761671167874
1180,95.732304537274
1181,254.0234213597462
1182,464.871302575769
1183,569.588923580808
1184,727.4270371748737
1185,853.2480344368423
1186,902.3917126112784
1187,986.1418679647628
1188,954.8135959712312
1189,909.2100760792772
1190,734.2806518974133
1191,599.4470090955949
1192,432.9706906153917
1193,266.988609962712
1194,148.6381746496124
1195,59.529306480692
1196,12.460524531902768
1197,0.0
1198,0.0
1199,0.0
1200,0.0
1201,0.0
1202,28.46083070467556
1203,93.36970193552412
1204,202.75068501734407
1205,388.2771552055635
1206,514.5423560663594
1207,686.803463767398
1208,828.022087412275
1209,931.071512873768
1210,933.9120101858156
1211,929.13479074626
1212,902.371707350324
1213,869.1127245653702
1214,733.184406435174
1215,568.1433432860866
1216,419.1571528378984
1217,261.2460307243641
1218,142.59808848770612
1219,61.45588570942551
1220,12.508527982070198
1221,0.0
1222,0.0
1223,0.0
1224,0.0
1225,0.9502521818663744
1226,29.754598684918804
1227,77.09240504025374
1228,190.47554082938407
1229,323.9507142520886
1230,454.1639667483964
1231,666.8324069633212
1232,764.7527179866793
1233,860.6096854128377
1234,827.4585134828415
1235,733.2739104956702
1236,599.7689842271144
1237,662.8646763498318
1238,509.71299568015496
1239,394.6109499616736
1240,338.0813816805775
1241,192.38721213641236
1242,117.06122722609922
1243,60.89252616289276
1244,12.621272695877185
1245,0.0
1246,0.0
1247,0.0
1248,0.0
1249,0.0
1250,7.946369737125111
1251,22.206970210481387
1252,66.94869144930118
1253,123.64851682645504
1254,211.1610161546928
1255,287.031155513036
1256,219.3388443613664
1257,175.38864651940668
1258,328.4672984067077
1259,632.263594712847
1260,678.3930945128646
1261,810.2379032519812
1262,697.4860688639494
1263,505.5520203274404
1264,364.6828592226351
1265,237.4398303060536
1266,118.81801477288796
1267,60.40845761238075
1268,19.30806256125029
1269,3.9094958396590265
1270,0.0
1271,0.0
1272,0.0
1273,0.0
1274,7.633082163322993
1275,20.02568333807985
1276,33.967322687598376
1277,43.23408598510791
1278,96.59671056608984
1279,218.9990646449907
1280,285.1590635079694
1281,343.52568791479206
1282,415.62162224893206
1283,363.74481531971657
1284,349.7785454439576
1285,409.5145058989741
1286,436.1821160884145
1287,400.1835949053556
1288,320.70912269598176
1289,189.34671686159365
1290,116.24538332093157
1291,49.781669597519056
1292,11.134259457476588
1293,0.0
1294,0.0
1295,0.0
1296,0.0
1297,0.9155610058694088
1298,26.90442089792161
1299,83.42678077432468
1300,189.9208430610705
1301,356.9951302930197
1302,535.8626285252933
1303,692.2233402125174
1304,840.8107183424568
1305,866.8595316744132
1306,859.4318995568703
1307,881.1213846083527
1308,823.550503369657
1309,680.801765397306
1310,587.3318241620426
1311,465.3540882774332
1312,345.55190806510444
1313,223.342908211303
1314,121.05556589438592
1315,53.28521367923718
1316,13.063670520560844
1317,0.0
1318,0.0
1319,0.0
1320,0.0
1321,0.8184772002927749
1322,27.913223915019557
1323,78.53058397636795
1324,185.1927716747666
1325,303.9108512144221
1326,476.5243633746558
1327,630.4267776423372
1328,795.4468706418
1329,884.068209778047
1330,932.9431564742086
1331,932.8680308876064
1332,910.152804669765
1333,770.9199506951534
1334,683.2173024521853
1335,468.1970940396971
1336,329.7758238559128
1337,194.73252029949265
1338,123.97974067441793
1339,64.15854241603806
1340,14.795359390494948
1341,0.0
1342,0.0
1343,0.0
1344,0.0
1345,0.0
1346,25.445098307701407
1347,67.88601302260437
1348,102.71521870647916
1349,162.09663290825608
1350,198.46877230860105
1351,214.7982655578211
1352,262.10585071074905
1353,317.9743364717435
1354,424.0586062062011
1355,366.43359006411896
1356,380.5683783137108
1357,377.76219449758895
1358,315.1574089586028
1359,231.16349651230863
1360,146.33500349914834
1361,113.07288205155086
1362,45.12089714703404
1363,18.104860626658034
1364,2.897598412615272
1365,0.0
1366,0.0
1367,0.0
1368,0.0
1369,0.0
1370,2.413183009245066
1371,18.0517896194566
1372,26.78048235585755
1373,47.44167624062655
1374,89.97090115907751
1375,171.45024342355916
1376,150.61253049988488
1377,176.99845700876483
1378,199.7379036669041
1379,197.7300651373599
1380,241.63260812684703
1381,251.84345838592512
1382,259.78549659489
1383,241.04525621938
1384,169.76764947044143
1385,121.78580220146326
1386,65.28475788463253
1387,21.4953781440234
1388,2.529596525982232
1389,0.0
1390,0.0
1391,0.0
1392,0.0
1393,0.3775367380413321
1394,22.926752495084106
1395,72.63531993980928
1396,154.7828197737602
1397,236.0815618383372
1398,326.2759486764766
1399,249.41412644658743
1400,758.0124210532408
1401,860.4161943188732
1402,942.2889019758732
1403,866.9007865160095
1404,790.9616053140707
1405,746.5613913787985
1406,536.2017897226483
1407,259.1556623054985
1408,226.74064891390455
1409,172.46697672956049
1410,103.44352093672754
1411,47.86845098276084
1412,11.042668078315783
1413,2.412890671655032
1414,3.158230593411848
1415,3.2668537299016025
1416,0.0
1417,0.0
1418,12.49922253217096
1419,45.96572581195131
1420,74.32437156509829
1421,76.93845535250813
1422,85.64206205256731
1423,156.908483138328
1424,269.62095392667106
1425,503.2255186003633
1426,445.7971926134354
1427,579.9576975070144
1428,654.3641562957511
1429,485.9139314937453
1430,380.7692097338002
1431,330.8870269520581
1432,235.98183866025624
1433,120.84990849422417
1434,71.73061102313507
1435,33.565375378712965
1436,10.098256591984104
1437,0.0
1438,0.0
1439,0.0
1440,0.0
1441,0.0
1442,0.0
1443,6.322493244111813
1444,25.89997852366437
1445,67.30952783902424
1446,187.94076865384935
1447,302.57963791328456
1448,320.71387418860803
1449,339.9080605054704
1450,355.06886165669584
1451,410.3534830639239
1452,222.31851913638067
1453,281.03299103256825
1454,344.8760034974106
1455,252.3702298879712
1456,197.0080397961601
1457,118.53926621339944
1458,48.26443867608598
1459,4.784034088328024
1460,0.0
1461,0.0
1462,0.0
1463,0.0
1464,0.0
1465,0.0
1466,0.0
1467,11.621892193406072
1468,68.1123047623541
1469,116.08761494146042
1470,210.6520615475399
1471,300.4625230283297
1472,457.55176705709385
1473,579.2828259232928
1474,613.2670975392315
1475,627.8343753449683
1476,630.1399153606285
1477,580.6654462029304
1478,497.018367066886
1479,401.5957138481096
1480,273.3969745295223
1481,154.12385029718334
1482,62.40011336928283
1483,10.477065636079825
1484,0.5004021064795794
1485,0.0
1486,0.0
1487,0.0
1488,0.0
1489,0.0
1490,0.0
1491,32.40660080202781
1492,97.1133757320046
1493,214.8727175241662
1494,344.4600979241248
1495,480.6263531475449
1496,641.3891293362534
1497,770.7922955755932
1498,794.4600416857982
1499,782.3499456870295
1500,712.8602376353936
1501,644.8372760414195
1502,529.2312778293649
1503,356.8702356357639
1504,227.31316932494312
1505,148.9913266361997
1506,70.4383841402993
1507,21.81079512835921
1508,0.0304736327799328
1509,0.0
1510,0.0
1511,0.0
1512,0.0
1513,0.0
1514,0.9869256346109212
1515,24.462340965616715
1516,71.45203730848216
1517,161.7076051328837
1518,335.934104675653
1519,470.0280889206989
1520,528.2993752954067
1521,515.5296349879367
1522,536.3189311324062
1523,565.0748484411671
1524,542.3699642646777
1525,457.3801983483836
1526,493.409819032773
1527,435.5974924735438
1528,286.70420892117886
1529,156.88346105041023
1530,68.47800883247739
1531,19.749383884097785
1532,0.0
1533,0.0
1534,0.0
1535,0.0
1536,0.0
1537,0.0
1538,7.630511029031016
1539,34.63317188528893
1540,84.78264665643184
1541,168.51321063299744
1542,341.9011835924636
1543,482.9336281501544
1544,646.6514649013014
1545,675.7151017845323
1546,718.9220089055862
1547,797.2440091078248
1548,753.2866214056078
1549,688.1828382354157
1550,553.8525412879346
1551,453.62807970478207
1552,308.01094972737053
1553,189.02189785386344
1554,73.50125105348806
1555,27.146751438988037
1556,5.22417304671745
1557,0.0
1558,0.0
1559,0.0
1560,0.0
1561,0.0
1562,8.837960155593322
1563,38.565166651571296
1564,102.8673899672317
1565,211.81897064087983
1566,366.4176449397939
1567,515.7430302467397
1568,604.2820057177863
1569,629.6688386402378
1570,599.0214253574236
1571,612.575154658919
1572,579.9590462523067
1573,585.9412157910881
1574,509.7237621335096
1575,421.1576852168311
1576,302.8900997031089
1577,175.6635798002465
1578,84.95911298468927
1579,28.843352348819533
1580,5.240308542198851
1581,0.0
1582,0.0
1583,0.0
1584,0.0
1585,0.0
1586,10.054758937103646
1587,40.723669288327
1588,110.63955025041398
1589,216.861942285154
1590,372.46184273138965
1591,559.2786151484845
1592,656.5389854947454
1593,721.3915150882871
1594,703.4631280164942
1595,688.6102835284167
1596,707.4920899101519
1597,576.9891293515982
1598,525.1306363312272
1599,405.905689949073
1600,282.279219577798
1601,170.7587037241134
1602,86.11346592503908
1603,31.45924892804176
1604,3.466792657805695
1605,0.0
1606,0.0
1607,0.0
1608,0.0
1609,0.0
1610,1.6281951590381152
1611,11.762209545805677
1612,22.4191833739322
1613,45.18889017706757
1614,68.41544199169682
1615,77.36420492858446
1616,144.29973610570005
1617,178.1575996470222
1618,203.91916349933857
1619,238.4430868068667
1620,365.8395521971264
1621,450.1074113745662
1622,322.22702111211703
1623,266.1501320028872
1624,206.83004773388265
1625,114.84504758238668
1626,70.77451641115458
1627,31.222902034405745
1628,2.164745515341851
1629,0.0
1630,0.0
1631,0.0
1632,0.0
1633,0.0
1634,7.786049805537006
1635,33.99595817147534
1636,59.72155212967039
1637,122.55199228827608
1638,233.61533138110056
1639,356.75751523102167
1640,474.042304837788
1641,472.6024265965669
1642,439.0599595611364
1643,500.646105970496
1644,565.6806712900636
1645,537.5514754697283
1646,370.1010634097072
1647,278.7847989920131
1648,148.74149592288322
1649,85.75831696541549
1650,49.97894201293739
1651,15.27896890485975
1652,4.026152284767486
1653,0.0
1654,0.0
1655,0.0
1656,0.0
1657,0.0
1658,3.1497910622948773
1659,21.262322908927857
1660,30.6578836134616
1661,57.75516807674811
1662,139.4011535764043
1663,199.82769066918857
1664,352.4518635495763
1665,361.04032266454
1666,384.6115479552192
1667,348.9896776067175
1668,352.0974848870476
1669,296.99508157650354
1670,191.6368375340276
1671,141.69519697470875
1672,122.92201225703111
1673,83.04472236124172
1674,49.169065470599485
1675,15.006867487484335
1676,4.080224349615021
1677,0.0
1678,0.0
1679,0.0
1680,0.0
1681,0.0
1682,3.656854837543788
1683,18.60428695370818
1684,49.59887279714058
1685,112.64994227771425
1686,233.69130202528407
1687,300.7612666009917
1688,331.856358463735
1689,220.02617691669752
1690,218.4642808616848
1691,312.397600927356
1692,398.7918630683788
1693,313.9794907657946
1694,297.3215849505474
1695,286.57216907429864
1696,254.46708887998375
1697,205.4346584245616
1698,117.31362685492309
1699,44.17639190469423
1700,6.846566367718966
1701,0.0
1702,0.0
1703,0.0
1704,0.0
1705,0.0
1706,10.478760567361151
1707,34.51018064418723
1708,73.294143316126
1709,150.94502453897388
1710,201.41013400157271
1711,273.14415351756367
1712,347.5652068581332
1713,419.5867940846928
1714,400.54631050612943
1715,372.3886711831676
1716,383.0073307087821
1717,336.6478490289526
1718,296.21907767212093
1719,236.5160471828624
1720,187.3038232875904
1721,92.32106472113416
1722,52.78516675728623
1723,18.02776711532553
1724,4.012438091014279
1725,0.0
1726,0.0
1727,0.0
1728,0.0
1729,0.0
1730,10.920841278310984
1731,37.213130406305616
1732,68.09846435706717
1733,154.62180736697462
1734,211.0132514919918
1735,240.3392789672872
1736,335.5514892786044
1737,383.8846544824976
1738,392.4584389908173
1739,405.4753908634473
1740,334.62761109158936
1741,291.7620695005022
1742,255.99126431251565
1743,260.24531935979667
1744,172.8664791802333
1745,147.06269168898723
1746,73.07530903815166
1747,43.96763956819414
1748,9.719294322539708
1749,0.0
1750,0.0
1751,0.0
1752,0.0
1753,0.0
1754,10.046958067340377
1755,40.00510951997757
1756,89.96257312545634
1757,147.7230935141348
1758,222.19483618489343
1759,299.0795133281013
1760,405.44319171284354
1761,496.3078857861687
1762,489.5346592824762
1763,505.29932869850194
1764,512.3718325809517
1765,432.55380762195927
1766,286.6748006617033
1767,173.5962633968017
1768,143.97146192813102
1769,101.0396154019441
1770,52.32884788355238
1771,22.63071234466709
1772,4.134440521180207
1773,0.0
1774,0.0
1775,0.0
1776,0.0
1777,0.0
1778,2.839637089796332
1779,21.090692102675696
1780,44.40572525765824
1781,80.97737231993945
1782,159.8559369567735
1783,194.58996568583615
1784,207.78268951538743
1785,276.4404322406405
1786,309.4869726918026
1787,319.07007616473186
1788,300.3819661130635
1789,221.61070943196532
1790,191.31222383005297
1791,175.35287713802464
1792,126.44481613642492
1793,97.58399383606552
1794,55.96942599909532
1795,27.200862957877288
1796,7.42578999532566
1797,0.0
1798,0.0
1799,0.0
1800,0.0
1801,0.0
1802,8.130552508442515
1803,32.10274724082144
1804,57.22151236714866
1805,88.25709615509555
1806,134.83080650833548
1807,194.0572068392717
1808,296.5211111036861
1809,463.1188074427045
1810,488.92378907275366
1811,498.214646279326
1812,515.7453990208564
1813,454.0872154206481
1814,284.6037585804042
1815,217.73563913508607
1816,190.65462279616904
1817,165.70543233384703
1818,77.85669825129919
1819,34.3121927959964
1820,7.303161662404955
1821,0.0
1822,0.0
1823,0.0
1824,0.0
1825,0.0
1826,6.394772100668552
1827,25.739748256820167
1828,51.545155754197054
1829,88.12017209080976
1830,125.0460330631708
1831,163.43591946788158
1832,187.5708901657744
1833,267.8476587536185
1834,302.70363353252054
1835,288.5100194599691
1836,288.9224257106991
1837,270.15181678671394
1838,227.30855094302493
1839,175.0815979264759
1840,148.40598239135014
1841,156.6055441831468
1842,80.01927199191967
1843,52.02607741954239
1844,16.91222171116983
1845,0.5651583623288952
1846,0.0
1847,0.0
1848,0.0
1849,0.0
1850,18.58917797277147
1851,53.33554369297512
1852,122.29552973118686
1853,229.02255466743327
1854,443.2562407755259
1855,591.9827522177522
1856,706.6189464841884
1857,822.8051826017971
1858,885.5021585704559
1859,907.4462594896088
1860,886.9254282415626
1861,815.9483504628915
1862,647.4129806103545
1863,505.672352891797
1864,379.1177467552397
1865,231.51817304662015
1866,126.52622156075334
1867,46.37058636946031
1868,13.795880752939397
1869,0.6059033450892295
1870,0.0
1871,0.0
1872,0.0
1873,0.0
1874,19.31491949714806
1875,61.1998929497481
1876,102.00855597311244
1877,215.11078267443625
1878,316.24121951638585
1879,447.95430849137495
1880,604.3548503132239
1881,706.9534507582543
1882,779.8810407330985
1883,584.5894618328418
1884,360.8864155194025
1885,377.2554269515256
1886,257.7859606288132
1887,266.97081163668145
1888,247.34946132540944
1889,143.5622427589915
1890,77.35462091947066
1891,35.73337741486349
1892,10.995386250695589
1893,0.0098082998254444
1894,0.0
1895,0.0
1896,0.0
1897,0.0
1898,9.698910423130403
1899,34.50844511399832
1900,64.12913162235397
1901,164.8496070191744
1902,306.8605627874552
1903,500.1193108587938
1904,526.0570323328257
1905,582.8958038909351
1906,699.0447642519763
1907,775.2735823370433
1908,841.3401099122335
1909,758.6830311880187
1910,618.6387980434284
1911,496.6651298147551
1912,347.300213461632
1913,238.3784591621592
1914,125.6746329169959
1915,50.1472391912304
1916,16.17724404937101
1917,0.0331723008395201
1918,0.0
1919,0.0
1920,0.0
1921,0.0
1922,21.650808375341143
1923,60.04594216738758
1924,116.0940629096954
1925,233.9883426547792
1926,373.40420725087534
1927,573.7847952306256
1928,694.2797906806442
1929,807.6237276014042
1930,878.4843558736384
1931,873.423178061903
1932,877.2200524150414
1933,813.7707939721777
1934,645.5841934383033
1935,517.9533023985196
1936,380.15343866308586
1937,247.93495953400085
1938,127.5659445336135
1939,51.72575501303288
1940,19.19396135930144
1941,2.084778437730145
1942,0.0
1943,0.0
1944,0.0
1945,0.1869341983215393
1946,19.72170092204817
1947,57.5886416866796
1948,122.36274329359608
1949,222.30745246227613
1950,386.04920409323694
1951,596.0552773494281
1952,724.5736878465505
1953,840.6820833493485
1954,882.3372832967927
1955,733.5135107219181
1956,523.9309319987611
1957,663.9744780759999
1958,448.83189532300696
1959,396.7495343627272
1960,278.77274022534965
1961,174.9429951403829
1962,98.661587634757
1963,51.42676872794347
1964,15.51437429495932
1965,0.2590500872265788
1966,0.0
1967,0.0
1968,0.0
1969,0.0
1970,8.83299286077683
1971,19.972086755139824
1972,58.65908670803989
1973,127.17370294790302
1974,150.3164236639868
1975,272.2569994497908
1976,322.12212370931354
1977,258.1527963310219
1978,289.5660578990883
1979,489.90090004988537
1980,668.3046648494853
1981,686.6741165696014
1982,586.3970999581794
1983,462.8983823968799
1984,295.93582836543953
1985,231.9453066216888
1986,114.29053682555262
1987,50.313879003609216
1988,15.605514675062528
1989,0.9082164804804412
1990,0.0
1991,0.0
1992,2.2805840403836406
1993,0.0
1994,6.548565158317115
1995,15.986541197985863
1996,16.643466910984568
1997,41.08572101198076
1998,67.56394375048991
1999,108.9997351405618
2000,195.5399212058951
2001,262.8075920831496
2002,302.5731082623975
2003,313.0204054888785
2004,305.2103319809266
2005,335.4211092849179
2006,360.8227934524325
2007,376.73471166354585
2008,223.53668430672025
2009,146.52851013972418
2010,105.46256235467813
2011,40.88924148317577
2012,13.294663545210774
2013,0.0
2014,0.0
2015,0.0
2016,0.0
2017,0.0
2018,18.50884120537833
2019,57.17847303199354
2020,113.53913002732877
2021,225.6707065391909
2022,368.1584762034725
2023,561.0611106525629
2024,666.6466904692234
2025,800.0946424709923
2026,820.0532377338046
2027,838.291867199657
2028,769.1771793559857
2029,672.6659271598064
2030,550.7096690565143
2031,383.3858920347726
2032,255.08607463193653
2033,197.8905936178667
2034,107.8457932221396
2035,49.151548073320726
2036,19.25992547905058
2037,1.343048793739103
2038,0.0
2039,0.0
2040,0.0
2041,0.0
2042,18.354595393517336
2043,50.21597653905707
2044,119.48457078558286
2045,224.1469535893952
2046,363.8538246895501
2047,515.2873702646694
2048,663.2562103995612
2049,653.3791468917311
2050,815.953998914429
2051,905.0189661434538
2052,872.6009100410772
2053,798.3574940393258
2054,652.5513674045898
2055,391.4879113010976
2056,282.02284041668986
2057,189.2640352394897
2058,99.84427524151766
2059,51.73596262249784
2060,15.144467975349665
2061,0.0
2062,0.0
2063,0.0
2064,0.0
2065,0.0
2066,17.998845177304176
2067,53.45716780816839
2068,83.02486499199914
2069,100.14225318486956
2070,143.11841701857227
2071,152.64620633059218
2072,153.38901967715984
2073,225.1129345893446
2074,278.57408657604475
2075,232.19899218416535
2076,214.69125190208996
2077,239.28661018545012
2078,193.9300894587417
2079,184.62053905926467
2080,130.47628769349325
2081,96.596859808023
2082,47.15647982730906
2083,21.20766302681204
2084,6.3053948845891705
2085,0.0
2086,0.0
2087,0.0
2088,0.0
2089,0.0
2090,5.566867539349555
2091,15.1313751453154
2092,20.13144094860269
2093,29.83194349693127
2094,69.63421741598337
2095,121.86858438805008
2096,144.74042681462382
2097,167.18611644944434
2098,218.74306774633936
2099,191.6216056170763
2100,200.3013326103075
2101,231.8267688677862
2102,197.962988450008
2103,219.95001514594705
2104,136.04163548939113
2105,120.73287798967904
2106,71.33647292214707
2107,30.92660196807507
2108,7.33540881302387
2109,0.0
2110,0.0
2111,0.0
2112,0.0
2113,0.0
2114,17.07833409400635
2115,54.59149390495004
2116,123.9543710998316
2117,202.0203162121279
2118,243.7600810691311
2119,363.0495333098998
2120,508.10899408875343
2121,641.0463369285781
2122,736.703133947439
2123,699.2814678255443
2124,561.861963420134
2125,610.4406293062908
2126,508.0126980266536
2127,305.20886838460314
2128,190.479353425191
2129,167.13763176011554
2130,113.03785108429015
2131,53.41805514162823
2132,17.68062708587995
2133,0.0
2134,0.0
2135,0.0
2136,0.0
2137,0.0
2138,11.910090843304
2139,33.90740092697821
2140,50.11120561168787
2141,81.04956416327846
2142,83.54602849963753
2143,162.08865781100624
2144,223.91529094823724
2145,362.7310592109106
2146,476.59625789655695
2147,555.0064751047241
2148,537.6982182460085
2149,488.10665391419593
2150,234.21362485729648
2151,208.68536574672837
2152,168.8885622775635
2153,123.25524833134163
2154,81.45179529470418
2155,47.23687890882658
2156,14.050959235036723
2157,0.0
2158,0.0
2159,0.0
